id,smoking
15000,0.7809779806581891
15001,0.4595997755632779
15002,0.1500200835910802
15003,0.05115248853999814
15004,0.07165054793604529
15005,0.4477305822743788
15006,0.754435179843566
15007,0.09443178773219546
15008,0.03442691367163261
15009,0.06312643345618392
15010,0.031058430869729266
15011,0.5615977816465403
15012,0.035400752139212094
15013,0.03820833601282731
15014,0.07817185411971599
15015,0.13377441335701276
15016,0.6332552989894573
15017,0.7293249489342907
15018,0.03169760327639704
15019,0.7259443668160428
15020,0.7523202889513445
15021,0.03277400126300749
15022,0.03126796628630341
15023,0.48520923340279776
15024,0.040557906077015496
15025,0.8786422897109566
15026,0.30916949372594277
15027,0.5267990029450005
15028,0.31427706757895724
15029,0.04042884900922479
15030,0.03882755738569879
15031,0.4619622223437186
15032,0.7112423315293284
15033,0.052534134520557066
15034,0.03981484682387445
15035,0.6878952087410868
15036,0.6070979426572519
15037,0.03347840529501381
15038,0.05993105882104378
15039,0.03131978046808127
15040,0.8332785209606643
15041,0.6246684233554424
15042,0.8768481985047704
15043,0.04114161838110093
15044,0.03653222024689102
15045,0.7947546816901757
15046,0.034850939827239816
15047,0.8354751982920229
15048,0.054652208620263085
15049,0.28807752230563055
15050,0.03261497267618969
15051,0.3741996156928583
15052,0.08109057689125573
15053,0.04125571140902419
15054,0.684269822060803
15055,0.044066879358457677
15056,0.1740175345431937
15057,0.3233306119640966
15058,0.039536287169215485
15059,0.058098408510170514
15060,0.16672801336928822
15061,0.15761474796827063
15062,0.8001049092989467
15063,0.7513938828944895
15064,0.7055495310095663
15065,0.0316166975802458
15066,0.14657571417096105
15067,0.8732238645038504
15068,0.9043802701587936
15069,0.040612849330692105
15070,0.7023594051982813
15071,0.5654565642351101
15072,0.04683558620264174
15073,0.03376691189151761
15074,0.7745376458208277
15075,0.5284284083532486
15076,0.2630224684342043
15077,0.9020956343531432
15078,0.06530710622182115
15079,0.16706645843664075
15080,0.035339666287442825
15081,0.2312835644247791
15082,0.03427104902026636
15083,0.03770088656104784
15084,0.6847148658084133
15085,0.764190374916526
15086,0.5742788543727693
15087,0.8986054953927319
15088,0.6492248516748002
15089,0.5180618791845473
15090,0.8883019951656166
15091,0.360991703215508
15092,0.0363976976388344
15093,0.5925338130589626
15094,0.5642120795967497
15095,0.7829057919851571
15096,0.03377433820963409
15097,0.7630334335976567
15098,0.031226282121735945
15099,0.03399235667177195
15100,0.03606328349876069
15101,0.5470190936430077
15102,0.547519602037533
15103,0.03763061741811268
15104,0.0411443621384623
15105,0.8903450615643047
15106,0.3933135369757944
15107,0.41656227618464015
15108,0.11177304815135025
15109,0.5008758337061883
15110,0.04095472828685001
15111,0.032417932004387154
15112,0.6946246698238575
15113,0.4056970378272282
15114,0.7470325795781847
15115,0.032917988025365344
15116,0.47030924872495206
15117,0.6631117655116249
15118,0.21099577909438025
15119,0.03230613588930373
15120,0.24977183937272443
15121,0.07602549317799522
15122,0.8010082611574512
15123,0.61574378009316
15124,0.3030399743619161
15125,0.7835747092119536
15126,0.3840829697249752
15127,0.22249582162704212
15128,0.6347264997005395
15129,0.03986052077550353
15130,0.8436912604883294
15131,0.07779531197560619
15132,0.34904502829345185
15133,0.035077664729621746
15134,0.08423382989823122
15135,0.03601741969622653
15136,0.034715453187541497
15137,0.8485471001005541
15138,0.6313991012955147
15139,0.4886941459449482
15140,0.8061729441414923
15141,0.8388143806159896
15142,0.2392207736948282
15143,0.040916098384905626
15144,0.05149127789074953
15145,0.0354284045607617
15146,0.3080703705557333
15147,0.16046225552040416
15148,0.3290065620767625
15149,0.03323963520253069
15150,0.33231502003893953
15151,0.7394607362017424
15152,0.033292813367172935
15153,0.8518379391013476
15154,0.4180290830091855
15155,0.839242432378283
15156,0.03535895938375837
15157,0.034993515547518936
15158,0.8260036926029343
15159,0.8638460563338739
15160,0.7896984867405579
15161,0.03662969017471963
15162,0.16294909787267958
15163,0.8524256023386827
15164,0.5145106673560746
15165,0.03537447294023358
15166,0.3797162116546108
15167,0.6698657431798731
15168,0.0415834461329217
15169,0.03383626371973625
15170,0.051462261043799126
15171,0.8572619278840594
15172,0.6799253765266358
15173,0.03259606838405648
15174,0.10472307821900467
15175,0.03293003700338748
15176,0.6043784797794681
15177,0.857285020194844
15178,0.0318630038442958
15179,0.8954727918367735
15180,0.8691608951403462
15181,0.05229895224045536
15182,0.03775074652145306
15183,0.6938766818291504
15184,0.5921126340065987
15185,0.35106928861900677
15186,0.3585626911773456
15187,0.04018967450631946
15188,0.35377883810806565
15189,0.3423279726887902
15190,0.8625712478499918
15191,0.8715127666743065
15192,0.035050660156940645
15193,0.46631667962606255
15194,0.3418910391545375
15195,0.3503725477708435
15196,0.032597319107273384
15197,0.8525458309963073
15198,0.03507407423114058
15199,0.057358749715934305
15200,0.8603661778662997
15201,0.040612109065241445
15202,0.8688146469363522
15203,0.03440123082713245
15204,0.7548128555408798
15205,0.8952583652120184
15206,0.09477984384663118
15207,0.6623556078008068
15208,0.06381948293734828
15209,0.19691325478369132
15210,0.41351440555218644
15211,0.03349542326946481
15212,0.04207717261866802
15213,0.4763097356521553
15214,0.7453611433387253
15215,0.8459146244484331
15216,0.8281741455668212
15217,0.04361303203003951
15218,0.037532697479294226
15219,0.04686200452422399
15220,0.032692616925095744
15221,0.8235217452072023
15222,0.03437412383300485
15223,0.6754127716301309
15224,0.033353176247278606
15225,0.05156593858721102
15226,0.38678734846053064
15227,0.5379836631015573
15228,0.041280403394294424
15229,0.7396818121544734
15230,0.031589660972421975
15231,0.7643141954773934
15232,0.04801145295172144
15233,0.6222700770581334
15234,0.43563547457282314
15235,0.03667055423876554
15236,0.03260165058284155
15237,0.8678093938459157
15238,0.03528250483036164
15239,0.8496410416538596
15240,0.8401289581196131
15241,0.04520220646274468
15242,0.0361619871904569
15243,0.03253093801449977
15244,0.6493852037561813
15245,0.893912032141516
15246,0.7758964032159839
15247,0.8441709845409031
15248,0.08470397114160888
15249,0.16658981479415205
15250,0.8828330914838867
15251,0.3244557596474091
15252,0.04184016431850023
15253,0.03556277745569139
15254,0.6216051274855048
15255,0.04732613458855149
15256,0.03131611664091837
15257,0.18572092852729866
15258,0.044230836022584166
15259,0.5224876429799251
15260,0.8814432384519585
15261,0.8320736109191551
15262,0.15572830687028916
15263,0.030826037029107942
15264,0.5253484292517705
15265,0.7386453758235884
15266,0.8593267520496299
15267,0.20422716372662916
15268,0.04815263000617127
15269,0.0397219678299128
15270,0.10828406674051338
15271,0.8562092607447936
15272,0.7124972790657159
15273,0.17961795457096186
15274,0.04391611269149105
15275,0.6415336935562092
15276,0.2791794896099041
15277,0.035220827609102084
15278,0.1586493316361349
15279,0.7316574327810249
15280,0.11902390335454709
15281,0.06464131216681515
15282,0.03376261772217211
15283,0.5388925496718963
15284,0.6674841060963272
15285,0.5544921840750271
15286,0.04261017196951987
15287,0.046281565845070635
15288,0.03464543398446641
15289,0.8223908801203088
15290,0.03267877673759789
15291,0.03198010050660951
15292,0.0360962854641318
15293,0.3401492011701828
15294,0.06750025891229453
15295,0.04542976998621136
15296,0.050352041982773196
15297,0.8279849588078663
15298,0.37868330293920455
15299,0.7035014466085403
15300,0.030932706982313
15301,0.7298789762746848
15302,0.6570342217159701
15303,0.540558083649087
15304,0.2908018099939149
15305,0.8458869744203104
15306,0.5110141406805203
15307,0.218117803033724
15308,0.11874628089170942
15309,0.7872892081129298
15310,0.8390228115273195
15311,0.8064927218280611
15312,0.03324309440170253
15313,0.36331987531949383
15314,0.03839586675577414
15315,0.05515700340273732
15316,0.03419664676517925
15317,0.6152514711736203
15318,0.6880182375511416
15319,0.0352470841835567
15320,0.8987819131417387
15321,0.4543987257470511
15322,0.035570879307087105
15323,0.6421962583856571
15324,0.033822152412178084
15325,0.5812689578830232
15326,0.271705885831473
15327,0.8576314603995705
15328,0.8462609089938972
15329,0.22234745470985884
15330,0.8549858601871969
15331,0.6792791734914236
15332,0.5184885947278103
15333,0.04053493944800885
15334,0.22568611292745083
15335,0.04936766968373148
15336,0.4552077899270216
15337,0.46877477628692615
15338,0.6089586692389907
15339,0.8308203482387291
15340,0.18913178823569526
15341,0.4612963847732621
15342,0.03154567116458346
15343,0.03425520600925875
15344,0.7805462022562384
15345,0.03485761910391718
15346,0.7213393657414322
15347,0.10059475409414922
15348,0.8699554708059241
15349,0.5862316286749274
15350,0.6149948984127745
15351,0.034450502207963224
15352,0.14683899915281312
15353,0.10083936108804484
15354,0.6049842959286336
15355,0.04383233677109662
15356,0.7319669537030504
15357,0.4187832960557404
15358,0.23168456777501964
15359,0.12968451647272758
15360,0.6683713125846631
15361,0.677448610450036
15362,0.758290518646737
15363,0.03780826614591478
15364,0.03311359489883722
15365,0.3952489149792505
15366,0.03540604797623374
15367,0.8783954335194942
15368,0.04383019084891393
15369,0.6668102709284
15370,0.03550746841491942
15371,0.03829374412319126
15372,0.2933471067571417
15373,0.486415786229767
15374,0.801499343818828
15375,0.3705987105331347
15376,0.03493466219411922
15377,0.035450285596880765
15378,0.8568737824267978
15379,0.03880498016415677
15380,0.032868394331779564
15381,0.19777147193329375
15382,0.03481827632883385
15383,0.03656896375604887
15384,0.7659313815824481
15385,0.11254839291329234
15386,0.5570368644684941
15387,0.6148048957765608
15388,0.8971670316660383
15389,0.16565601585004774
15390,0.03645463679407626
15391,0.8918523330851383
15392,0.03546604333021143
15393,0.2150494745693745
15394,0.03487791147716468
15395,0.0361866002825291
15396,0.38546933294793
15397,0.08605598492260444
15398,0.906969959784492
15399,0.48887315472699505
15400,0.8067935122457226
15401,0.03251177940639212
15402,0.6597697936393325
15403,0.8819925619375393
15404,0.4971999739758609
15405,0.2808037404816441
15406,0.03936502367980883
15407,0.03559419711235179
15408,0.08662503096814322
15409,0.03189541853885705
15410,0.7386448255592242
15411,0.0893638474577749
15412,0.8244389245134383
15413,0.08686778876453877
15414,0.23526463797855385
15415,0.044896454741193054
15416,0.24968526686533066
15417,0.05055155224418151
15418,0.049350969850795026
15419,0.13339744718546134
15420,0.039521172339824266
15421,0.24095476103158964
15422,0.8510377211189056
15423,0.5826307741556739
15424,0.03141760789842307
15425,0.5374308499368166
15426,0.03195651759245689
15427,0.3508869050919101
15428,0.04672531133667206
15429,0.035402293500755286
15430,0.031298301489835624
15431,0.08616110631322614
15432,0.8608206756434998
15433,0.45134548162080945
15434,0.39101190411527037
15435,0.8237023847712486
15436,0.9011635652055128
15437,0.7751918204331223
15438,0.03184832058378783
15439,0.38553827720556455
15440,0.30706334574650807
15441,0.24901895287245543
15442,0.054572922749020744
15443,0.6636324059848988
15444,0.04912656203367436
15445,0.03601489926760099
15446,0.05778652077958055
15447,0.7874975715026773
15448,0.057290911342571374
15449,0.036287862578138354
15450,0.37487671251625243
15451,0.2507740567744094
15452,0.8438727685969232
15453,0.03616637260671285
15454,0.033707651883966315
15455,0.387395747933341
15456,0.042085854801214545
15457,0.8287506459775738
15458,0.4827757984028036
15459,0.2092432367964449
15460,0.03136055561986331
15461,0.8327507815340066
15462,0.0319670229972964
15463,0.034348459092390135
15464,0.03401171326910756
15465,0.16645370742181642
15466,0.8977496990458289
15467,0.6404201727925097
15468,0.6783974997823975
15469,0.844925596880069
15470,0.032797340760374334
15471,0.6383441756223659
15472,0.7684113026476159
15473,0.2089394533014577
15474,0.5405356467889517
15475,0.8606477259985441
15476,0.5631048100080971
15477,0.5859013061222872
15478,0.4555127273235192
15479,0.5938533102623635
15480,0.034436256314621334
15481,0.6045894464644342
15482,0.673048960278348
15483,0.7055941851402756
15484,0.034152154740728205
15485,0.5972604912790156
15486,0.048883352357864944
15487,0.03432991546212957
15488,0.8488725387934484
15489,0.6770474379014622
15490,0.03422771999417071
15491,0.8287359048932557
15492,0.8116620116023278
15493,0.038920887341952565
15494,0.03299525037345127
15495,0.03374567237483083
15496,0.050614454337489866
15497,0.051390665089256576
15498,0.03157611259282761
15499,0.12563522389529896
15500,0.1834826126304579
15501,0.8267998911438295
15502,0.030897703897910803
15503,0.035414766021202325
15504,0.8707980076592856
15505,0.7468327866548297
15506,0.8407311910238982
15507,0.34624044490300904
15508,0.7274858480563476
15509,0.8823965152112574
15510,0.03467222962553936
15511,0.5093167099048796
15512,0.7022210120364052
15513,0.686721934517269
15514,0.8919768292063232
15515,0.033478412353745754
15516,0.47580735070668567
15517,0.03646301132713644
15518,0.03793260556569118
15519,0.043280936818350206
15520,0.7870590283505362
15521,0.6759825832699266
15522,0.03444734895727779
15523,0.03640756982507309
15524,0.3806291549498232
15525,0.8448183417766391
15526,0.061530450571427364
15527,0.4937180931390578
15528,0.05704253370933719
15529,0.038195968757385575
15530,0.03553837846648083
15531,0.03672453797629942
15532,0.3029884768306467
15533,0.09056945668057773
15534,0.8209422914931737
15535,0.03710939528765897
15536,0.810395986942198
15537,0.03343708856507103
15538,0.728108361005849
15539,0.04176543520550071
15540,0.0418286467172182
15541,0.8790180401615946
15542,0.035728285468082245
15543,0.0382993943165314
15544,0.03313689589181036
15545,0.8591867435458451
15546,0.6166247149801849
15547,0.03434983987467492
15548,0.07971390362156473
15549,0.21049141650291336
15550,0.04095508031715073
15551,0.7265761288601801
15552,0.18451547338063204
15553,0.463929757638704
15554,0.45216946480845766
15555,0.08568169125308345
15556,0.03119340899189299
15557,0.05599208073243274
15558,0.039769234949458596
15559,0.045490029616680576
15560,0.05862164058272942
15561,0.7258762951756672
15562,0.03473545992813964
15563,0.045002023687121744
15564,0.14362195594294125
15565,0.5850286289724306
15566,0.8402903832777777
15567,0.035028951770961395
15568,0.8242271539649659
15569,0.14456834693005052
15570,0.771713789358074
15571,0.8605527264859318
15572,0.8614767250183377
15573,0.11184323962315455
15574,0.7305573050446594
15575,0.0581200933790989
15576,0.03447520340989113
15577,0.8316506840687437
15578,0.6852556213787234
15579,0.03558650664765625
15580,0.056013500369137284
15581,0.9110029358131317
15582,0.6863221156778408
15583,0.06386879291525457
15584,0.8007887630645272
15585,0.7726391075791617
15586,0.6852700153807494
15587,0.06012629203619173
15588,0.5132692416465332
15589,0.04889320475928726
15590,0.03144900018370284
15591,0.3142789410170236
15592,0.6182893845089988
15593,0.8746085845170735
15594,0.03314285130848697
15595,0.24088069169769302
15596,0.03539740572078846
15597,0.8903159752683911
15598,0.3508061075905053
15599,0.038872703684311116
15600,0.03461804272182543
15601,0.44031186278211676
15602,0.868266371938434
15603,0.6700464821605714
15604,0.03209459968549954
15605,0.06836250727688868
15606,0.34972213209794545
15607,0.03135745038855321
15608,0.7172707557396749
15609,0.29575998712033114
15610,0.07460353798810887
15611,0.037093379387650144
15612,0.8310206673124994
15613,0.24146216882937765
15614,0.05645674758633961
15615,0.13060461001005344
15616,0.04170773606403148
15617,0.6549878826874047
15618,0.04264247385202485
15619,0.03528992967237185
15620,0.35672961090701316
15621,0.620159964089173
15622,0.8637820814448113
15623,0.4335552756001299
15624,0.7756303046309222
15625,0.12340526360539522
15626,0.041107639509794444
15627,0.03596611546473496
15628,0.44210296823617845
15629,0.6049652468896938
15630,0.6759077763167654
15631,0.5423636058040181
15632,0.45243470328894764
15633,0.29567702175495797
15634,0.3993922732142811
15635,0.7775073572978667
15636,0.035295113702205616
15637,0.033005085451734105
15638,0.8071426696822896
15639,0.5798030336208049
15640,0.1269495487767455
15641,0.05487194130014831
15642,0.15265543422680747
15643,0.8286907656130976
15644,0.5953348130444729
15645,0.11706510032387263
15646,0.5976396048976764
15647,0.03283953913347013
15648,0.7821487323047135
15649,0.22041221487626778
15650,0.8002848944396077
15651,0.0400504927594509
15652,0.16874454565404162
15653,0.6534896673887658
15654,0.5775827867471108
15655,0.8558456277776421
15656,0.27066709110347575
15657,0.1570887723224345
15658,0.693890841576242
15659,0.5936380957887509
15660,0.7909354920736635
15661,0.6440644514739939
15662,0.03846412376422744
15663,0.03294631150902356
15664,0.294601771611854
15665,0.5915661102793494
15666,0.17827338493587852
15667,0.7484347778487856
15668,0.8977318250940615
15669,0.9142409714642046
15670,0.8750223641147741
15671,0.6118805973886303
15672,0.6509623248819101
15673,0.4777212737300043
15674,0.8075230456347664
15675,0.0332028434048755
15676,0.6420497565417418
15677,0.03759622884844388
15678,0.6902634334975285
15679,0.5102320688685065
15680,0.6549256185094104
15681,0.4177572485900772
15682,0.713184938901703
15683,0.43096266959456797
15684,0.5307417437706893
15685,0.8126890773570317
15686,0.05285655417394198
15687,0.3077168121410198
15688,0.8419626652697347
15689,0.03476877630616215
15690,0.12075528824720633
15691,0.8339032143023999
15692,0.6581785486471277
15693,0.03439107508343482
15694,0.24308823661405904
15695,0.620831250732378
15696,0.24103422044761352
15697,0.09896745960631917
15698,0.8138798024385423
15699,0.6146024754307932
15700,0.9163951047251997
15701,0.03385867725252763
15702,0.3936930243334912
15703,0.5234072589111136
15704,0.4771245981181817
15705,0.8041978093204478
15706,0.702546703464257
15707,0.8699785823330111
15708,0.09163160972974894
15709,0.04561609385086126
15710,0.04648551620676097
15711,0.05088257354489617
15712,0.07052293270954542
15713,0.048212830021303735
15714,0.2882837879554009
15715,0.07331386554173262
15716,0.39677257022466716
15717,0.03630870847913258
15718,0.039719054225624655
15719,0.8576289215421982
15720,0.8407384509612783
15721,0.05122665222485643
15722,0.36400837975248346
15723,0.03329301872395124
15724,0.20970527473545478
15725,0.031487783770503305
15726,0.5443144520388813
15727,0.8039853268400252
15728,0.03570206885858277
15729,0.8080887129401386
15730,0.0918961216798025
15731,0.3929512984580088
15732,0.0412406715980209
15733,0.6616500762354174
15734,0.1170049373908088
15735,0.7694692660559709
15736,0.6792739453046461
15737,0.03340012216242769
15738,0.0338857702577309
15739,0.07360548256840962
15740,0.38351912508967867
15741,0.05442510134363447
15742,0.7773676348564809
15743,0.8832701297682202
15744,0.03807323796706149
15745,0.8035509473213657
15746,0.0319771508168315
15747,0.033167307216041095
15748,0.05203334271177283
15749,0.6865663002077982
15750,0.04707586617035523
15751,0.03486391509805507
15752,0.3073626580396981
15753,0.040032302418387816
15754,0.04182416378117082
15755,0.24679872166651068
15756,0.22508895430631176
15757,0.03667973068254005
15758,0.5501616390147008
15759,0.05447746755594262
15760,0.40043213183772197
15761,0.7873060147882219
15762,0.08861585480379155
15763,0.8936746573529069
15764,0.034397786910531365
15765,0.034935564692454166
15766,0.5530916393906803
15767,0.2934414372949626
15768,0.032102939601079496
15769,0.18342199759664624
15770,0.8809946121585739
15771,0.04323907244415716
15772,0.82678757009245
15773,0.036402174181000654
15774,0.8964900521726288
15775,0.4320243233392016
15776,0.04191925971686916
15777,0.03252417612319049
15778,0.052176046848316934
15779,0.042187375166461864
15780,0.03189137646335626
15781,0.6343350217590912
15782,0.3438847900760521
15783,0.03398751849126491
15784,0.3196980221800328
15785,0.8662328460599096
15786,0.03396165584421116
15787,0.03671465821238361
15788,0.7942254055415678
15789,0.0344809319164076
15790,0.4013262054058766
15791,0.7281789908000698
15792,0.0312787116680604
15793,0.41720442959041376
15794,0.049454620942497834
15795,0.7486762193942129
15796,0.04560283744014449
15797,0.052810565077193464
15798,0.6176053583309975
15799,0.6985141276103499
15800,0.559232664302395
15801,0.24324382980441475
15802,0.37685770467399515
15803,0.04283268484733542
15804,0.8966191769577115
15805,0.26726262713939203
15806,0.03346984309668678
15807,0.5032949259705002
15808,0.6596282233758868
15809,0.3466618853171672
15810,0.044248286412877286
15811,0.040644786664187166
15812,0.5211781202373806
15813,0.03463566389370851
15814,0.0333448805385131
15815,0.050731840909503806
15816,0.8743875913613696
15817,0.21989626513451754
15818,0.4046103499557817
15819,0.039789595650591245
15820,0.8332888642270406
15821,0.03551595105963622
15822,0.5977912069960767
15823,0.7288989699854094
15824,0.25810838879874726
15825,0.35425676808506174
15826,0.1882707527517188
15827,0.04746543600363801
15828,0.03689776303774316
15829,0.44299906443037085
15830,0.7543848066260053
15831,0.6807573674856273
15832,0.14657842145195463
15833,0.2963596803119044
15834,0.6638476536284608
15835,0.125480277802202
15836,0.5633380741018471
15837,0.031091326662498406
15838,0.9044583346006062
15839,0.047764982503489886
15840,0.04357384849794285
15841,0.042709123664665616
15842,0.1084877368688842
15843,0.16924190162383285
15844,0.040319392168054705
15845,0.031821453687170105
15846,0.04295635645360571
15847,0.7618242455579753
15848,0.040652802398775036
15849,0.8993619882448656
15850,0.8243374552424733
15851,0.050054660433264814
15852,0.51554813676958
15853,0.03170183123047847
15854,0.26117236889075274
15855,0.6318091698605516
15856,0.033031427853880524
15857,0.0415730003527405
15858,0.4363793740503979
15859,0.23286176112511647
15860,0.11356854807810055
15861,0.9056447878210535
15862,0.4351779393027715
15863,0.04087089869171021
15864,0.045213737361177855
15865,0.03264413228381474
15866,0.8750653605536881
15867,0.034835830634948856
15868,0.12272219685116761
15869,0.03375851203317291
15870,0.034515749892702244
15871,0.813599873009645
15872,0.6341679909612246
15873,0.6249732075215676
15874,0.37430212578226885
15875,0.8391400197963621
15876,0.5678832767861062
15877,0.033719118537496
15878,0.6708632776319912
15879,0.806403418809148
15880,0.7710166732713742
15881,0.06898870429956915
15882,0.03276401776478904
15883,0.04297030431487868
15884,0.07683897770696409
15885,0.6193826808695004
15886,0.041882043852266536
15887,0.0383018472848604
15888,0.45882676142902157
15889,0.8772192783563806
15890,0.5186902217203074
15891,0.16414277177790065
15892,0.0450529668068891
15893,0.0340680109011734
15894,0.6265917733003188
15895,0.037422596455088636
15896,0.68444675968604
15897,0.667717434660815
15898,0.08200986936351601
15899,0.03750154576361201
15900,0.7883644212853814
15901,0.23102855343617046
15902,0.22727783769593896
15903,0.03391920194658967
15904,0.09408136609659691
15905,0.7931053138603
15906,0.03611202098077103
15907,0.2455961320243912
15908,0.0434056802416061
15909,0.5135589781730261
15910,0.6562941842532705
15911,0.03313051082349335
15912,0.8442798593265126
15913,0.773727958138268
15914,0.034332388923939056
15915,0.7570085954079246
15916,0.4533467566931692
15917,0.1934035404598248
15918,0.830226947381569
15919,0.07134652051551657
15920,0.0381581798948141
15921,0.03457722845715379
15922,0.6813178640394508
15923,0.034341768923436794
15924,0.13472440800389138
15925,0.4501734554566227
15926,0.6219987453198291
15927,0.659689831656534
15928,0.36630280351578837
15929,0.7502103230551809
15930,0.031063644892327373
15931,0.1448695826901503
15932,0.03313163122640189
15933,0.18460169571244664
15934,0.809768818464679
15935,0.034225023883996904
15936,0.32644085708043385
15937,0.035090389229264295
15938,0.8938013832284977
15939,0.8308776574888372
15940,0.5944107621194629
15941,0.22682630135743387
15942,0.04058836723702102
15943,0.1667342150802229
15944,0.7042281921851323
15945,0.14625032025035895
15946,0.8220939540862118
15947,0.03992906545801296
15948,0.8852478338581031
15949,0.7588760742585725
15950,0.7080045148643235
15951,0.6440883171238202
15952,0.03217465993681001
15953,0.11588280281486568
15954,0.036889759910402796
15955,0.45416216266566234
15956,0.033605738469389766
15957,0.8167398950717761
15958,0.6226905454844882
15959,0.5025456172672536
15960,0.49949432038411673
15961,0.8384916770321555
15962,0.03948164397715112
15963,0.050579542782337825
15964,0.05986223410428572
15965,0.03270403122163508
15966,0.03513573389158536
15967,0.8657251809170998
15968,0.1367328538834086
15969,0.6518575411219553
15970,0.0361208735284511
15971,0.9122571052168567
15972,0.03337225893811806
15973,0.03144056778630589
15974,0.49214585743164274
15975,0.5157706863444574
15976,0.08758409418682239
15977,0.3562684721736723
15978,0.8419409764988028
15979,0.9164433113164311
15980,0.8138528709666918
15981,0.5699482668904534
15982,0.03190724721301867
15983,0.06944036090597694
15984,0.0362228673825273
15985,0.7021763517583345
15986,0.739167673460266
15987,0.32632760541446715
15988,0.15384405460739425
15989,0.03335001296382013
15990,0.10030410708823698
15991,0.33868066933449625
15992,0.5432502415003388
15993,0.03538937991239382
15994,0.031039908582033374
15995,0.09349807448426126
15996,0.033065666037354266
15997,0.8843885511427951
15998,0.3180870934328636
15999,0.8484885406487159
16000,0.807523080462356
16001,0.6515325234652924
16002,0.052051273234822205
16003,0.048575790097529985
16004,0.8653827377224951
16005,0.5998791829563702
16006,0.5159839269815324
16007,0.753118518053908
16008,0.2573471946130059
16009,0.22772278916671865
16010,0.42466306131761333
16011,0.8479483916759056
16012,0.05629134955902469
16013,0.8118241837083824
16014,0.7625556677360693
16015,0.0643015377543274
16016,0.1976178514785284
16017,0.5940480369430229
16018,0.38928427085559125
16019,0.3769211547901539
16020,0.8344184817962801
16021,0.05699415451048529
16022,0.6369297621224423
16023,0.8582092142769067
16024,0.03129324401069308
16025,0.03731102488538235
16026,0.05040025598753986
16027,0.3036231248611923
16028,0.03364171269607233
16029,0.8052916472908096
16030,0.3274571896940649
16031,0.6071024116364803
16032,0.40391052560714896
16033,0.23157188956296626
16034,0.03597855231158143
16035,0.05277648442536763
16036,0.31912946230518363
16037,0.032766819393112656
16038,0.035512664033955844
16039,0.5245935159079853
16040,0.8476805260114119
16041,0.38206870472251164
16042,0.8282561647994076
16043,0.2674201390133678
16044,0.0359468867818186
16045,0.03435400160146511
16046,0.39793744080845184
16047,0.5416113402803197
16048,0.052801178711195385
16049,0.0425578564115596
16050,0.860072173555376
16051,0.710981604689297
16052,0.8891130962053002
16053,0.76420178417324
16054,0.03144849889311598
16055,0.77989301135305
16056,0.785597214982629
16057,0.04683323226141509
16058,0.8170503177097218
16059,0.032598019908572105
16060,0.03879341051570258
16061,0.0316823893935647
16062,0.03113229972765914
16063,0.8590088464297536
16064,0.03835685247733332
16065,0.8281903995964957
16066,0.604844766779785
16067,0.7979856805600405
16068,0.04600881137390494
16069,0.14550882437860221
16070,0.03656871745102542
16071,0.04325744833266344
16072,0.5248794661917956
16073,0.032166432673769
16074,0.24181799782458366
16075,0.6216282433895586
16076,0.04579085919531006
16077,0.6932040174065988
16078,0.5006260469317622
16079,0.8396408277915473
16080,0.037953688097385634
16081,0.0575801284122133
16082,0.2702897844703887
16083,0.03892991692630196
16084,0.03145985134996912
16085,0.20784845250491374
16086,0.9179157870379353
16087,0.033262367188677346
16088,0.39675298695640787
16089,0.03295667580106081
16090,0.1525167979639158
16091,0.032831388879859306
16092,0.03542453243086261
16093,0.6406015279064168
16094,0.43438086180720326
16095,0.7641619136842874
16096,0.8620878668479705
16097,0.8605572105633222
16098,0.8753305501315152
16099,0.5847816542509021
16100,0.7370161456107024
16101,0.038057202868379936
16102,0.8398751155220301
16103,0.13016028227803247
16104,0.6814644600364637
16105,0.04511371826952578
16106,0.2155655437057421
16107,0.6089393339087172
16108,0.03949656766846871
16109,0.06369275013266489
16110,0.9073575800386688
16111,0.3368732444350106
16112,0.2155676640471761
16113,0.043474450582211555
16114,0.2108661061551274
16115,0.8731708716076916
16116,0.6536722583253008
16117,0.03924614872597196
16118,0.8045949619088202
16119,0.22199646755669075
16120,0.7736153245766045
16121,0.7538155886329642
16122,0.11027658305301949
16123,0.48574082529286455
16124,0.03227822351599139
16125,0.0354246790475047
16126,0.8767642359665804
16127,0.03367633705700175
16128,0.8671717770936174
16129,0.18033361255855684
16130,0.03605224965361358
16131,0.9001250394781906
16132,0.03621452685302422
16133,0.03847541177828469
16134,0.7009041604060531
16135,0.6716307424477791
16136,0.626383797329705
16137,0.8544243674690712
16138,0.5915991362472407
16139,0.07193705339994944
16140,0.058486763038046695
16141,0.39118898417327574
16142,0.034847722418203164
16143,0.033463572262384715
16144,0.4180198846030893
16145,0.03846317569929373
16146,0.08848316720967617
16147,0.05925362217591813
16148,0.0336913288068106
16149,0.8724792768867827
16150,0.6287222703534333
16151,0.9147947200415167
16152,0.04376654288439015
16153,0.5764863597874713
16154,0.7374359918953077
16155,0.03228048275605743
16156,0.5131764761245688
16157,0.039736208694184025
16158,0.41352892767120675
16159,0.0835086162546509
16160,0.8556446637313462
16161,0.03359996449958702
16162,0.04754336508121997
16163,0.7264963146483508
16164,0.03812387483405282
16165,0.26450124147380755
16166,0.7338697860000499
16167,0.7721696485977048
16168,0.6440344731800616
16169,0.7015218270577253
16170,0.4747003361647191
16171,0.2068244845649527
16172,0.5398400506063912
16173,0.30675906074714954
16174,0.3675158747716991
16175,0.5746682541086828
16176,0.41013594780844026
16177,0.052367679993166556
16178,0.03696461949059032
16179,0.03550550856135727
16180,0.41123609896018
16181,0.04312066067936878
16182,0.777519557053372
16183,0.6881705134404195
16184,0.31504965237726523
16185,0.23531573715272344
16186,0.2593092250664378
16187,0.05810841511319867
16188,0.18662723959362998
16189,0.7544803312247146
16190,0.29508032964609965
16191,0.03443414048839412
16192,0.49370885192240177
16193,0.8939852601872365
16194,0.03177341289926038
16195,0.03368975072005577
16196,0.58257002117348
16197,0.7347353740287089
16198,0.0867193914357063
16199,0.47958649320813385
16200,0.7566980419814264
16201,0.03182839829671004
16202,0.03600113503862991
16203,0.840099332927835
16204,0.7403077973034018
16205,0.033953656633611946
16206,0.24240534744993075
16207,0.03470995789675445
16208,0.05000993182730515
16209,0.04623638404026135
16210,0.4405188002012739
16211,0.038994363839457556
16212,0.6558724666857803
16213,0.03831309612642019
16214,0.6157363705467254
16215,0.03355106045823421
16216,0.651850154161447
16217,0.6889582957422632
16218,0.03824728840712019
16219,0.04128531094766813
16220,0.242533972991338
16221,0.8643985624369261
16222,0.8508508193921711
16223,0.11308915975235678
16224,0.8868865922712768
16225,0.04130336154725798
16226,0.03872249822160165
16227,0.0677045838572102
16228,0.1333234267223132
16229,0.6261336614943888
16230,0.45064595618724224
16231,0.036301675647273046
16232,0.471497662733652
16233,0.033565225858701184
16234,0.3947250233948669
16235,0.05510145010179786
16236,0.7028036216135152
16237,0.032497863374405404
16238,0.13588303520016937
16239,0.060063224481041046
16240,0.8979817893870732
16241,0.0437212128875714
16242,0.5776479910018387
16243,0.727034214470039
16244,0.05358124625647097
16245,0.881655330316182
16246,0.06156496391627185
16247,0.03963658014983701
16248,0.869114534724511
16249,0.8112102880347432
16250,0.037150881294343976
16251,0.3110613390476832
16252,0.04474212616371225
16253,0.3590607530101642
16254,0.034325470534480346
16255,0.7870419761436228
16256,0.3206521790934013
16257,0.033929069969925625
16258,0.6534243985492569
16259,0.2669696561924627
16260,0.037979419816382615
16261,0.03940286856729778
16262,0.752132139458596
16263,0.767692149771876
16264,0.04819496893471259
16265,0.03326290908915521
16266,0.03701781489728328
16267,0.5098856415500146
16268,0.08031074475492991
16269,0.8161832265731254
16270,0.7867487387022114
16271,0.35387258593915694
16272,0.050408694480374036
16273,0.031049256811180953
16274,0.7462264052696868
16275,0.8536004890195742
16276,0.8796756537493471
16277,0.9015976281411542
16278,0.7470343657447616
16279,0.27802725576626935
16280,0.47305699807389856
16281,0.041937144736496915
16282,0.6361353244246604
16283,0.1267772319995715
16284,0.03870931070042766
16285,0.033405052245839846
16286,0.08920028370374775
16287,0.5307879129699025
16288,0.8859131124613019
16289,0.4312996937991331
16290,0.48247471847022816
16291,0.6370748881895416
16292,0.7596878641842976
16293,0.2675328463447926
16294,0.11385650155940322
16295,0.30507631160837134
16296,0.032933128252553234
16297,0.40865319193445576
16298,0.8269636051369347
16299,0.8144764095867698
16300,0.3998557974684297
16301,0.04354532680754279
16302,0.8758922323128144
16303,0.5307824937037827
16304,0.7965403930837467
16305,0.7609807811730407
16306,0.3436582164150683
16307,0.04852490265761045
16308,0.4205404388514724
16309,0.0405348501805881
16310,0.8586794016852344
16311,0.39568271030184266
16312,0.8503606471865843
16313,0.7450317545216397
16314,0.08687726489112253
16315,0.3514228904382116
16316,0.034026922469011754
16317,0.7448173585656681
16318,0.7284599338864941
16319,0.8432362541275782
16320,0.6681944206655287
16321,0.564440951964275
16322,0.03178429319846454
16323,0.4312660811246066
16324,0.36246835671535715
16325,0.09439932193619402
16326,0.26548401993452725
16327,0.4989321618140987
16328,0.2018395384238401
16329,0.033481102143590784
16330,0.035567288760084706
16331,0.5890537165355377
16332,0.3095364666269096
16333,0.03178668882710064
16334,0.7715852595440489
16335,0.37894060922738987
16336,0.32951405079147134
16337,0.0353785951763206
16338,0.3682540164506585
16339,0.25718425581734605
16340,0.04315798421170816
16341,0.8546999804775649
16342,0.5981125717013392
16343,0.039653230504375414
16344,0.061011220811383216
16345,0.123278483572893
16346,0.7680660465689031
16347,0.8619215935771181
16348,0.6517424716409634
16349,0.7963663701154305
16350,0.8155074712632854
16351,0.7609619981664506
16352,0.03726834843555236
16353,0.6791337972477757
16354,0.12526041998263646
16355,0.08624022574910878
16356,0.8797742717626001
16357,0.03591976182233578
16358,0.18455515375291037
16359,0.03170365714351912
16360,0.0410707162692241
16361,0.8285139466092685
16362,0.393418360711854
16363,0.04155098075432759
16364,0.1729562070648709
16365,0.8156219376813264
16366,0.6853319667753511
16367,0.6448038504447632
16368,0.03464684145851425
16369,0.6215687977425791
16370,0.5762872330065366
16371,0.4562048214565771
16372,0.7083647583924416
16373,0.17173448491154247
16374,0.2942235625819059
16375,0.6918534106114413
16376,0.6174123912109175
16377,0.47560370781646294
16378,0.6423551856047856
16379,0.30900838337997527
16380,0.47267613544840964
16381,0.6555645623449036
16382,0.8193235962262883
16383,0.034230828591355164
16384,0.037402447948946226
16385,0.038803115895831464
16386,0.8039830005117647
16387,0.8596148075683154
16388,0.5288266987278827
16389,0.6446720095365304
16390,0.7255309658418956
16391,0.9073654299180889
16392,0.8548366776195238
16393,0.0410489475590234
16394,0.7181613858604834
16395,0.04747085204857765
16396,0.32802099639086457
16397,0.03806618660468988
16398,0.06366540495741765
16399,0.1976168792188531
16400,0.580051939934161
16401,0.04274315627536945
16402,0.6929802702265285
16403,0.5607233348787005
16404,0.7072563486199988
16405,0.8146639681257508
16406,0.034135799992245607
16407,0.03914734375858839
16408,0.1709244323020819
16409,0.6686573341619586
16410,0.4064294993273658
16411,0.8509780423204243
16412,0.33130317109326546
16413,0.4776744038995638
16414,0.31584949728748246
16415,0.36092406567090163
16416,0.8866920416809386
16417,0.13126336053528911
16418,0.10026105716982087
16419,0.6687932973241332
16420,0.03725535230372662
16421,0.04574342592861942
16422,0.71652596321928
16423,0.6825771485533298
16424,0.3090984760270052
16425,0.033159268011410205
16426,0.0367674386001375
16427,0.8488257993535533
16428,0.03979632573305006
16429,0.8484581971288419
16430,0.476882405811301
16431,0.04070409217158228
16432,0.38339349555754587
16433,0.03889981566776412
16434,0.06775117009977051
16435,0.3117319431698474
16436,0.03249083696768026
16437,0.8111758701830878
16438,0.03932211800009477
16439,0.24648035667897536
16440,0.7554081112973078
16441,0.585658251117073
16442,0.38033219626955056
16443,0.07584030440902229
16444,0.0433956797755508
16445,0.03337332308774305
16446,0.5567315352497787
16447,0.10309591934190819
16448,0.86397037793921
16449,0.34439718916251116
16450,0.24487688744434033
16451,0.44897318051157376
16452,0.033110515034559154
16453,0.03545636392813168
16454,0.03407883884180368
16455,0.43917481895925625
16456,0.04383680989541002
16457,0.031180767076469672
16458,0.4633514881389168
16459,0.878264405547081
16460,0.0349939571842778
16461,0.8297209006693786
16462,0.057489813172314816
16463,0.05792143552173378
16464,0.18098405114717872
16465,0.03636705107539881
16466,0.682366153449666
16467,0.26928824641885135
16468,0.8401765131626739
16469,0.1672587985825264
16470,0.057322266095772
16471,0.6701441113421553
16472,0.8380805134761831
16473,0.8391343893326046
16474,0.04664432973469211
16475,0.5461532053550421
16476,0.48388714713862435
16477,0.8171704650682983
16478,0.08498233720944687
16479,0.8030225304117038
16480,0.036843409697911916
16481,0.0410322307835709
16482,0.5585782116060676
16483,0.03151554871763419
16484,0.5841532694881054
16485,0.03245346745911861
16486,0.041714633873152634
16487,0.5429768180283618
16488,0.03262174419416598
16489,0.7294406749036789
16490,0.8547486449263235
16491,0.03355035809101016
16492,0.40144341328168454
16493,0.281546656456753
16494,0.08281278559882649
16495,0.6370222860064443
16496,0.03721950758210108
16497,0.8591463704831652
16498,0.04245859082326306
16499,0.847408995992366
16500,0.5532653355065486
16501,0.8060208822080134
16502,0.03544020421009313
16503,0.7970595669892498
16504,0.03734430613956046
16505,0.49722358094923413
16506,0.039059830089208436
16507,0.8821365352638604
16508,0.7062808369791092
16509,0.46664620414848945
16510,0.1936352364990755
16511,0.8666588939783635
16512,0.5398988157272757
16513,0.05467542348579236
16514,0.03378021331791705
16515,0.646641116458759
16516,0.1040533547441999
16517,0.03906725941858522
16518,0.678219205329769
16519,0.04494053724346617
16520,0.40352978211642115
16521,0.3092756626034149
16522,0.031344299605801415
16523,0.03453810090338126
16524,0.7392476074929064
16525,0.3977034489946142
16526,0.04131448000719244
16527,0.241040356495824
16528,0.800990719250809
16529,0.6401787658411489
16530,0.6660943768716148
16531,0.06463661148260709
16532,0.08599510614732359
16533,0.03403658920518832
16534,0.048168701802224836
16535,0.45366735887310095
16536,0.849165986786246
16537,0.03588940207149464
16538,0.5927228976203107
16539,0.8154981313608143
16540,0.6964915097278152
16541,0.03442373522727309
16542,0.7445261417731138
16543,0.04521476497908586
16544,0.041076533888147686
16545,0.7567874991858018
16546,0.7275896767984016
16547,0.03429597316411376
16548,0.37721050094992986
16549,0.03342365117323443
16550,0.5553027883787971
16551,0.03738510706633532
16552,0.716273069221922
16553,0.6741134025582514
16554,0.174012324691786
16555,0.16525761005992604
16556,0.6457096633563069
16557,0.2477008929624734
16558,0.036378211014436994
16559,0.03480829825247412
16560,0.0359861891876067
16561,0.04011912597563844
16562,0.05229463665728607
16563,0.4335729139209018
16564,0.5398266596136908
16565,0.04310650790299834
16566,0.5780631470974001
16567,0.8186134725689928
16568,0.797139905776391
16569,0.03576681445977024
16570,0.060748012569416004
16571,0.03640297018959246
16572,0.03271902194375373
16573,0.36701785632683853
16574,0.2588116973819247
16575,0.20177085103915565
16576,0.03098725615016433
16577,0.031116140436064435
16578,0.5784604831231628
16579,0.6893601059622305
16580,0.865260377777035
16581,0.6563354431295947
16582,0.4871035148189422
16583,0.035073455102667725
16584,0.1022240647848782
16585,0.3448720310851293
16586,0.556468296801777
16587,0.7745346581664947
16588,0.3411166892767992
16589,0.03716682595805005
16590,0.6450886464143031
16591,0.04542592319272806
16592,0.5578795630196746
16593,0.17818291855548524
16594,0.6516306737944078
16595,0.03986166830166249
16596,0.04543261274743843
16597,0.060786195379021475
16598,0.04264145155195964
16599,0.8871595299906133
16600,0.07049522550074197
16601,0.753479517575565
16602,0.03582747762179865
16603,0.11737556610657096
16604,0.0414698742915163
16605,0.037353791980668336
16606,0.11391668871301319
16607,0.8858301046914601
16608,0.7864871180553403
16609,0.033865704207297946
16610,0.8536155829350467
16611,0.773573466979356
16612,0.03316122309757972
16613,0.0375723851244788
16614,0.03971192387411818
16615,0.5272232355109918
16616,0.8281765920567338
16617,0.7380458177762179
16618,0.03139989910074071
16619,0.03240903734923075
16620,0.033013754269584625
16621,0.24189401434784485
16622,0.1433814477698242
16623,0.03132049577201715
16624,0.4848720001522908
16625,0.051501893701744586
16626,0.5018976865367132
16627,0.7879261154566126
16628,0.8753053651326934
16629,0.7678702747579902
16630,0.7894739435293736
16631,0.407235927453225
16632,0.0365585321727286
16633,0.2862360235516327
16634,0.03767813524617635
16635,0.1512613528879954
16636,0.6002736701969987
16637,0.8414051494044683
16638,0.8605906569506632
16639,0.3475447230303062
16640,0.7818122605475087
16641,0.04906486565448792
16642,0.06166382163050228
16643,0.09059717887060628
16644,0.053520093108716096
16645,0.8375859893336015
16646,0.8493397944264425
16647,0.039141512669580464
16648,0.7450114558622438
16649,0.04979292322106654
16650,0.2724350024340026
16651,0.8561113902722022
16652,0.03323094089469887
16653,0.03538320594068262
16654,0.03286858159115472
16655,0.043623421212070745
16656,0.4386360265743825
16657,0.04384136804274952
16658,0.5102849741108827
16659,0.0693519080788329
16660,0.44589329822304913
16661,0.9017802604606253
16662,0.8052153160606954
16663,0.7391489423425628
16664,0.8471707696836868
16665,0.03180186344714864
16666,0.036137020142595906
16667,0.19040794494716962
16668,0.8727287802071408
16669,0.4833347370320052
16670,0.04574446232122975
16671,0.46504129809785566
16672,0.06110524905345152
16673,0.033565314203809045
16674,0.7489640068773579
16675,0.3672467608596022
16676,0.16375701569425138
16677,0.03440766090020328
16678,0.03140621573414113
16679,0.7782641662083001
16680,0.05426384460326142
16681,0.031339015269111974
16682,0.04792621698079253
16683,0.03378228855436217
16684,0.03866369324336883
16685,0.8473805956412626
16686,0.6313800711929938
16687,0.21063746678854012
16688,0.048420093181851045
16689,0.8559098779498773
16690,0.5690625875919086
16691,0.03499471362112726
16692,0.46029629668846117
16693,0.8503391225025988
16694,0.39531824803830334
16695,0.6535938872921289
16696,0.038739848077471384
16697,0.04562278629539415
16698,0.040791948906453455
16699,0.8383764089181345
16700,0.7387279230885806
16701,0.05610405540945973
16702,0.7792157015851766
16703,0.7329384987168435
16704,0.8283164006668423
16705,0.16849106181856893
16706,0.03362606915229004
16707,0.8323035361790839
16708,0.7118249488758817
16709,0.03302383080037908
16710,0.4861371033464972
16711,0.04023213626448449
16712,0.812006410420435
16713,0.16037079771793233
16714,0.4949263412699102
16715,0.22796374170500558
16716,0.5397037304919361
16717,0.039819679587555765
16718,0.5825919402431374
16719,0.039234562828131384
16720,0.03218500473383736
16721,0.16048107587582378
16722,0.7586016905382009
16723,0.049954896824816845
16724,0.034604178316100756
16725,0.8165915242561086
16726,0.031866353012352036
16727,0.4193893480228247
16728,0.5225434876163416
16729,0.39842196208683983
16730,0.7314009609758101
16731,0.03549779664816841
16732,0.6080690322194346
16733,0.37492223356536203
16734,0.9143841576387107
16735,0.8309868378026661
16736,0.8410244152989381
16737,0.22666392245609296
16738,0.8443000994945271
16739,0.04192316328562547
16740,0.03547513860814875
16741,0.04340623024446418
16742,0.038463730745039566
16743,0.6328823099353841
16744,0.42700716110522097
16745,0.49364777207632776
16746,0.03369016897718623
16747,0.7470146578435601
16748,0.033493770504826534
16749,0.8636278531349499
16750,0.15767620746357086
16751,0.0324721681647132
16752,0.24881350533729024
16753,0.033149898240005374
16754,0.48415696847505574
16755,0.070285384956418
16756,0.04363770400403117
16757,0.04624997866479781
16758,0.05205456998777126
16759,0.7906602429005353
16760,0.5097649555378158
16761,0.03823548265188645
16762,0.03271097088736606
16763,0.3289158079889031
16764,0.032449724016354105
16765,0.38009065557768884
16766,0.0320230308888025
16767,0.06532313633831471
16768,0.33909527718650334
16769,0.5493759195555414
16770,0.6729521623929777
16771,0.5478817924358704
16772,0.0502970635602991
16773,0.035934777773338554
16774,0.7314923724165321
16775,0.49099856818029675
16776,0.03939187094516876
16777,0.06491524532786842
16778,0.03720791645825396
16779,0.03647071224740693
16780,0.048867327775156344
16781,0.31874403258906375
16782,0.3890473628658172
16783,0.7701846514044394
16784,0.05148667597544239
16785,0.03567262935421769
16786,0.616563575491983
16787,0.0539844301758603
16788,0.8596648295378841
16789,0.5158510878460809
16790,0.8160827023710093
16791,0.2596854375375294
16792,0.9025753350428686
16793,0.5734310025740684
16794,0.032975863590592916
16795,0.24883195867255326
16796,0.34561583292527787
16797,0.6101142392658748
16798,0.03363200739157705
16799,0.551096148633314
16800,0.032551931619669634
16801,0.05413443011823005
16802,0.4052767271929144
16803,0.04642643919326773
16804,0.03557508083033261
16805,0.04174050275401495
16806,0.195968098877836
16807,0.052913240688082175
16808,0.05173715959635683
16809,0.05643752601374735
16810,0.1432702225217352
16811,0.05352632697114994
16812,0.21410178182875417
16813,0.05040194365162961
16814,0.5467560345376693
16815,0.050682148108710516
16816,0.8995001371516842
16817,0.0326767909048234
16818,0.29512923500127414
16819,0.03643212575576828
16820,0.7399986283800088
16821,0.8632593468956316
16822,0.03560220372356397
16823,0.04364493187777408
16824,0.468917948108398
16825,0.575209344020708
16826,0.06517394420329264
16827,0.17485526623269895
16828,0.560810163732319
16829,0.6061410895504757
16830,0.03377718181382504
16831,0.44843287039599933
16832,0.04173844868184342
16833,0.7329961710220843
16834,0.44624184989351967
16835,0.8168690816177511
16836,0.03438720175276387
16837,0.8106355912416021
16838,0.3136965540272485
16839,0.8094408570775199
16840,0.8009687963050265
16841,0.3429763433920504
16842,0.03132724830336635
16843,0.053665703194570376
16844,0.3918430502978522
16845,0.03711717052144559
16846,0.23265096818680098
16847,0.03184809450394675
16848,0.8358191766413299
16849,0.035906217562051125
16850,0.4758914972318102
16851,0.03350240123071764
16852,0.8615400064049648
16853,0.7827272142938639
16854,0.32211331131487386
16855,0.06143272155262766
16856,0.7577846091975935
16857,0.03433873551511356
16858,0.4925903811928291
16859,0.5217834205347016
16860,0.06501007167159553
16861,0.7162018202736804
16862,0.056375947888770844
16863,0.8342932636765501
16864,0.047131956234345226
16865,0.04023019077716336
16866,0.0346569461783411
16867,0.2807084036462721
16868,0.6855481647982999
16869,0.7082098942355439
16870,0.1685280205154584
16871,0.8871293413650466
16872,0.03584531364354654
16873,0.03485010049014483
16874,0.060010684421601984
16875,0.03531960468425941
16876,0.510083456106606
16877,0.6990783245049725
16878,0.5137130463453694
16879,0.1275294415993766
16880,0.6528313556224127
16881,0.4097033239740858
16882,0.8620736814363241
16883,0.7041997716117812
16884,0.05507030412440866
16885,0.04113305270545915
16886,0.8105420977184504
16887,0.8587846288234244
16888,0.8654585509358161
16889,0.03160054036313422
16890,0.8740107301281825
16891,0.033966807899263804
16892,0.42542353051457293
16893,0.13120600673511407
16894,0.5645363281938888
16895,0.3989494580067426
16896,0.03724523607871338
16897,0.033342560440331036
16898,0.06877650537454674
16899,0.39170485716114767
16900,0.0421825565753515
16901,0.6656682324013093
16902,0.49926478879430786
16903,0.03346573126989994
16904,0.5722676228998248
16905,0.4501117277810061
16906,0.707880833964252
16907,0.1219658370820434
16908,0.8291507294785717
16909,0.03364034566811682
16910,0.8135777718447912
16911,0.041507807126572455
16912,0.033250058919941976
16913,0.056267953795098156
16914,0.49651746688916254
16915,0.10057227849224132
16916,0.372835154581714
16917,0.5342125519789968
16918,0.7300515842596305
16919,0.3013118184271196
16920,0.8049634527569347
16921,0.2699319885574459
16922,0.03765203424919965
16923,0.7480844026834861
16924,0.6799383435924908
16925,0.23957520755988987
16926,0.3777955510085597
16927,0.7181717365778351
16928,0.060056274550809446
16929,0.2409859894236833
16930,0.600104451602852
16931,0.4457108681921233
16932,0.6019236068288716
16933,0.667864072207615
16934,0.8072472502538697
16935,0.04862449318607182
16936,0.34986487456405096
16937,0.05086674681049752
16938,0.03382580246295174
16939,0.7125395354391817
16940,0.03407348856778944
16941,0.8876566888075761
16942,0.031182062688661208
16943,0.8842721467329615
16944,0.03371189147403364
16945,0.03518860125785029
16946,0.8651915653217077
16947,0.5277005668999404
16948,0.46423347147494076
16949,0.7475555266036804
16950,0.16608481462336677
16951,0.03753752492019433
16952,0.03737505791201168
16953,0.5081436023193161
16954,0.5012163270382044
16955,0.036950189443013204
16956,0.8286643724579827
16957,0.182404705251894
16958,0.7477951839275034
16959,0.8347238867260001
16960,0.48926520370275606
16961,0.034074870744615564
16962,0.870002652236272
16963,0.03517683118122926
16964,0.24548483415505362
16965,0.031397529359711865
16966,0.17299230809439398
16967,0.3836854132557759
16968,0.801052057907655
16969,0.04658631901496351
16970,0.03302120921748551
16971,0.19334303068790182
16972,0.8787600180435923
16973,0.5201587484443347
16974,0.8888612103974167
16975,0.6608149967633482
16976,0.03274728736890249
16977,0.4389276728828472
16978,0.07614319740045322
16979,0.03632951239069033
16980,0.03527560876198489
16981,0.8308698315866379
16982,0.7801309253153584
16983,0.6508265562979674
16984,0.03376880781913154
16985,0.5009676272500764
16986,0.6819291687476441
16987,0.03374961697081082
16988,0.6478758612784042
16989,0.06666929950268487
16990,0.8936948119299559
16991,0.4697696289213429
16992,0.860167735041717
16993,0.056315526268635466
16994,0.6644650536109766
16995,0.03594741117905708
16996,0.033213333633091466
16997,0.6255644629500063
16998,0.8778038093655869
16999,0.14953477877878785
17000,0.6530509995043983
17001,0.033636865447870014
17002,0.7713026507333737
17003,0.833382259083549
17004,0.04327491288503156
17005,0.8281530513776787
17006,0.034498241851092806
17007,0.1846586015304614
17008,0.03680734706050328
17009,0.7889166702385332
17010,0.6956217305021837
17011,0.04098450997364114
17012,0.07084858373939576
17013,0.887641765761099
17014,0.05121307677064113
17015,0.9001028715122292
17016,0.6472827779564698
17017,0.03257191311512997
17018,0.8764486767637605
17019,0.035133992190540565
17020,0.6811862338798282
17021,0.03433457343658287
17022,0.03242316766965162
17023,0.042777957722395135
17024,0.4508950256644577
17025,0.6069098922526383
17026,0.3082853161644305
17027,0.6308468642864172
17028,0.8166495390822938
17029,0.034368024035326114
17030,0.03690401270707817
17031,0.19581212497514366
17032,0.7270649044926412
17033,0.8650552095909976
17034,0.169832639639333
17035,0.034039117006080706
17036,0.13623589898220506
17037,0.3834864720772684
17038,0.04460250003080525
17039,0.03231272610169813
17040,0.5891312597583868
17041,0.11552186698338551
17042,0.3605162275433606
17043,0.10470869819314284
17044,0.04045443896424085
17045,0.04559384313556197
17046,0.23188813893472815
17047,0.11725659431897895
17048,0.03246789059755067
17049,0.6824305533809216
17050,0.7985961577900844
17051,0.8677752782612747
17052,0.074517481282425
17053,0.6976950479644453
17054,0.6948189470464512
17055,0.0385532132395617
17056,0.03312508198190527
17057,0.7606818800694153
17058,0.13000967512290676
17059,0.15884137801944032
17060,0.5386029642963909
17061,0.04591929453574821
17062,0.03527543306484982
17063,0.5626144324859224
17064,0.08017357255430704
17065,0.7369058081155304
17066,0.0401437470389451
17067,0.0355892308207914
17068,0.9008871872529796
17069,0.03228657109745791
17070,0.06540514792828207
17071,0.032573850641277706
17072,0.25188386925289846
17073,0.28920154484715466
17074,0.6922845213540931
17075,0.7906297252907333
17076,0.667535636833692
17077,0.03407506949659073
17078,0.8758006726508708
17079,0.6218981575580017
17080,0.05790915016733205
17081,0.036478838677685005
17082,0.6035627596952406
17083,0.7692240357918568
17084,0.8221351356229236
17085,0.7916525701853894
17086,0.6986063719192882
17087,0.8798166240528996
17088,0.03807023817602599
17089,0.792924072097797
17090,0.27548682268329483
17091,0.04353470910418798
17092,0.6554224605802731
17093,0.45636831631538655
17094,0.04483010027247822
17095,0.6562785808497
17096,0.0393186647295041
17097,0.8652828291977159
17098,0.23802180839606868
17099,0.759197740409556
17100,0.6469352076659005
17101,0.7442268340271503
17102,0.17747945307037696
17103,0.06445225606164502
17104,0.05264220816402025
17105,0.0336938296332014
17106,0.386315493839574
17107,0.8021478612794939
17108,0.4971740322494115
17109,0.03972572388330309
17110,0.1118274852167297
17111,0.9075253282734859
17112,0.03298416235136828
17113,0.04084101329882808
17114,0.034985178009890164
17115,0.6307064202741928
17116,0.5947127111642179
17117,0.6759105185511673
17118,0.14218042607872122
17119,0.03676902918087316
17120,0.3730324906688611
17121,0.32724025849419996
17122,0.043745287680751976
17123,0.039138452212188715
17124,0.322628620356344
17125,0.2863795455865621
17126,0.2624765984054399
17127,0.8014984973662886
17128,0.03388424369177028
17129,0.0499176871884403
17130,0.3350532217898819
17131,0.037070657885748384
17132,0.8132005534860665
17133,0.7419566932310384
17134,0.8096617039501655
17135,0.31843021937934335
17136,0.03564894205428478
17137,0.8522953208706678
17138,0.043985790066877806
17139,0.7014547868831742
17140,0.032668481384554506
17141,0.25051984291204016
17142,0.45808892570076193
17143,0.03288602221152172
17144,0.0331841689035134
17145,0.031511770312042504
17146,0.681340632236368
17147,0.14049418574416678
17148,0.8121640594271531
17149,0.035919873164969696
17150,0.41106842669657984
17151,0.03744085388054967
17152,0.03349685402274905
17153,0.2503959332425934
17154,0.3804093342047205
17155,0.46853634858007354
17156,0.08883305421938964
17157,0.8742521987837875
17158,0.5613858890340769
17159,0.3777338452239456
17160,0.5711193028064947
17161,0.7732870172326196
17162,0.8588264561234942
17163,0.03558860027656917
17164,0.7707885155782077
17165,0.5019496790934633
17166,0.03148025818678456
17167,0.03392519364364716
17168,0.034817897022225576
17169,0.06936321897343753
17170,0.1639509977772285
17171,0.7796738750292979
17172,0.032132101183386386
17173,0.8848336723523103
17174,0.03194718660419452
17175,0.145864749420517
17176,0.817363587976643
17177,0.6947672623952084
17178,0.038468097154870304
17179,0.7744632452703226
17180,0.8294486914318551
17181,0.27213921351478104
17182,0.7783128066467881
17183,0.03253322367791793
17184,0.11906010624785462
17185,0.061056013094143644
17186,0.04943572328376083
17187,0.04017062208502983
17188,0.7794284266688876
17189,0.7604994359595505
17190,0.6400654901486641
17191,0.05521276398217711
17192,0.5321405979773175
17193,0.8313660333895679
17194,0.46111716360043326
17195,0.03259782731098515
17196,0.043204467900363655
17197,0.04731215332752346
17198,0.3770986751152413
17199,0.06773167652687485
17200,0.28023626218076114
17201,0.9004628768763389
17202,0.27320322067242037
17203,0.2827111129645229
17204,0.5636192807896307
17205,0.049394586024701564
17206,0.3884108449888678
17207,0.7140364706275824
17208,0.09264358403971981
17209,0.6388239029466134
17210,0.03292497569747492
17211,0.6632948166871964
17212,0.3440816572431008
17213,0.4153744116788721
17214,0.04350007746198015
17215,0.03660113132661632
17216,0.6506329735365229
17217,0.7100430061348038
17218,0.34443072514112766
17219,0.7107500319031261
17220,0.03508292155771984
17221,0.40737970170761306
17222,0.04489777988252579
17223,0.040012080638595
17224,0.778437724319126
17225,0.6736575610544231
17226,0.8695086232105367
17227,0.17559494646555573
17228,0.7968319804308421
17229,0.7826400331898336
17230,0.6759025217631089
17231,0.03446473080641259
17232,0.5865882225781371
17233,0.7274319196933905
17234,0.6410107405475354
17235,0.03708898564675615
17236,0.03327715706196498
17237,0.49174265172427495
17238,0.03283206124929572
17239,0.7158573941976161
17240,0.8308333518979536
17241,0.034399156453739754
17242,0.8749292560735208
17243,0.0390676267087473
17244,0.03785373240663301
17245,0.5052894222385665
17246,0.8635513984299543
17247,0.05449245177019946
17248,0.4592564873361359
17249,0.23890851040708752
17250,0.2966268807684959
17251,0.6488066621517852
17252,0.03376461276301976
17253,0.37055483851314885
17254,0.8913557584747527
17255,0.7258865460871694
17256,0.03868062381330728
17257,0.7600472882446567
17258,0.22586753142763805
17259,0.8424878531941214
17260,0.36329789459364037
17261,0.03205189687274356
17262,0.5916536400826496
17263,0.06408319382253733
17264,0.04069822633141944
17265,0.7706300137752107
17266,0.4568506368665923
17267,0.6433196641189307
17268,0.15031438336394082
17269,0.5421197532477345
17270,0.039264905494715695
17271,0.03394965680815876
17272,0.15006363515609494
17273,0.8247558020828896
17274,0.7180507963218153
17275,0.03416473097419437
17276,0.5208335703709053
17277,0.6966238980474881
17278,0.22914517016599995
17279,0.0327827141110143
17280,0.7239982426855057
17281,0.568954285242788
17282,0.5967820965119308
17283,0.03250497421410512
17284,0.8733922204655309
17285,0.08078275002082756
17286,0.5928860069989278
17287,0.7406024225738665
17288,0.9138891384765861
17289,0.03275599550857324
17290,0.30833612731000354
17291,0.2727323752793424
17292,0.05039334175146455
17293,0.03288923931777462
17294,0.8995714990447563
17295,0.03813233834589768
17296,0.04759179187675354
17297,0.03421620135815043
17298,0.8750091998933744
17299,0.03410989909975059
17300,0.09483281438768675
17301,0.8910091973829999
17302,0.031808832063255285
17303,0.24870354629193206
17304,0.7267032965594048
17305,0.043242518655427484
17306,0.44019045840672966
17307,0.661539964621549
17308,0.03366514969503541
17309,0.5905135768572357
17310,0.7117931147479366
17311,0.9004839786780391
17312,0.415645245721008
17313,0.032987370780200635
17314,0.03464454100638593
17315,0.8314910349474594
17316,0.43310714151842195
17317,0.36447312129860265
17318,0.36443139214577774
17319,0.7576219541073916
17320,0.04873160162769799
17321,0.895431496893186
17322,0.04219758525830168
17323,0.5279737334529943
17324,0.4578590994816212
17325,0.4566158447869605
17326,0.054362641873368714
17327,0.8936882939638148
17328,0.2785311542312325
17329,0.5654946048611859
17330,0.3303666337517219
17331,0.03541685861569826
17332,0.1577516614509977
17333,0.5500293414905733
17334,0.08771315018335676
17335,0.5575635662830403
17336,0.2688110507801301
17337,0.03251891703219832
17338,0.09906659497710013
17339,0.8001804630456482
17340,0.6982870551957274
17341,0.7817976794660283
17342,0.5909358374697683
17343,0.03769478487255181
17344,0.624152286747719
17345,0.054639092097836205
17346,0.8621055967069764
17347,0.34050077860444417
17348,0.42152376259175384
17349,0.35231138554129426
17350,0.0354431776628339
17351,0.4110126078987608
17352,0.13186964131325365
17353,0.37654023707207396
17354,0.6374688684460734
17355,0.032562114210865724
17356,0.6511688705996046
17357,0.9165444365057448
17358,0.03786007483370433
17359,0.0338057810599606
17360,0.6938933628812345
17361,0.3484890089186733
17362,0.055279930450312244
17363,0.6135158853962859
17364,0.036184305685417646
17365,0.032225069048892524
17366,0.8294533852181295
17367,0.7821710137007754
17368,0.04461244313821094
17369,0.036614027639886026
17370,0.6997999605738223
17371,0.04327589423798748
17372,0.03429252867481362
17373,0.8299319451417793
17374,0.032696890702332025
17375,0.789628237064991
17376,0.7051160240408245
17377,0.034685086011237445
17378,0.7371081710759477
17379,0.031354933976117064
17380,0.03931708129034234
17381,0.7715209959406593
17382,0.04228692388390616
17383,0.03386491601487894
17384,0.04006794716203613
17385,0.03513827330162319
17386,0.040391889594108776
17387,0.38162348038504124
17388,0.7564996037831702
17389,0.05124055065504761
17390,0.749883188893602
17391,0.45807398680112765
17392,0.6074872857273256
17393,0.8011664485647301
17394,0.568020490566523
17395,0.03241438231854503
17396,0.03668212298983821
17397,0.10245722572168281
17398,0.033302278124535775
17399,0.033466214748450455
17400,0.03936581766793218
17401,0.8327643561504261
17402,0.7207232574348076
17403,0.8257411839068702
17404,0.8638480839734521
17405,0.034329282880140435
17406,0.05791167669887541
17407,0.8453635229960396
17408,0.22214187439439892
17409,0.8872954775042368
17410,0.13114379509992435
17411,0.10784463902564195
17412,0.03826795908760895
17413,0.3971297440662424
17414,0.03434399871498663
17415,0.7282881492189823
17416,0.7037504307016829
17417,0.035535521782371675
17418,0.7826854769871707
17419,0.8465137292997662
17420,0.08284755250775533
17421,0.302058206258612
17422,0.042938585570805085
17423,0.03900169407106063
17424,0.04182155874397005
17425,0.03192877121571876
17426,0.034678324527669634
17427,0.1991229823289239
17428,0.5543524912807503
17429,0.22640963634851197
17430,0.03928248557681868
17431,0.09405303084030629
17432,0.6009985947675457
17433,0.21092448202483033
17434,0.03532864585286398
17435,0.5265120520031795
17436,0.03419960953534308
17437,0.13187314337810113
17438,0.8387295936170485
17439,0.03208199406908241
17440,0.7231124902091131
17441,0.04152693295045429
17442,0.06125180782554317
17443,0.32647538011281996
17444,0.03413092135276256
17445,0.6472090192525024
17446,0.0686486053036767
17447,0.7463401593282508
17448,0.7550338804324503
17449,0.7455236128066337
17450,0.03646243866723862
17451,0.8472983782078237
17452,0.7847745586061832
17453,0.7777786394114655
17454,0.03334129306562443
17455,0.5604391700717141
17456,0.30646511622988604
17457,0.8767920284893296
17458,0.5407134491952929
17459,0.03142979283403358
17460,0.04806988858544523
17461,0.03453130759802781
17462,0.555569284701862
17463,0.03345051838031487
17464,0.751043250813123
17465,0.035630173410927175
17466,0.03605289290022307
17467,0.513210505022458
17468,0.042647411378938634
17469,0.8768566072849051
17470,0.755222700924072
17471,0.053831887337234874
17472,0.061110027727320465
17473,0.05025991472304022
17474,0.4506122557632802
17475,0.8951550977548812
17476,0.0330209752729164
17477,0.673784448310596
17478,0.7973576881574589
17479,0.6084634192884628
17480,0.8668989607582416
17481,0.06982576481461503
17482,0.5082942811026855
17483,0.45826084528365296
17484,0.1985962754818091
17485,0.34150789884910526
17486,0.03140068997324997
17487,0.22895816395480012
17488,0.04933092029036308
17489,0.5680791273679583
17490,0.461341490145485
17491,0.03210847653613724
17492,0.6041119438979147
17493,0.03581203429586294
17494,0.8601170406493162
17495,0.03381802308077019
17496,0.8776572643917038
17497,0.03364489737877416
17498,0.910032519279961
17499,0.07409852340455568
17500,0.035568305315830974
17501,0.03141386572977484
17502,0.6557107088790086
17503,0.6362254586472026
17504,0.8013798136398577
17505,0.03308210620662056
17506,0.6021867643935076
17507,0.06713599787440735
17508,0.0446884598560751
17509,0.5094684314309631
17510,0.5935826163495409
17511,0.04734727657975947
17512,0.04121263561844434
17513,0.28826572974932296
17514,0.052470717976307896
17515,0.03570001912854854
17516,0.6854766326384625
17517,0.03159632116354349
17518,0.12289729374695772
17519,0.1328086083595164
17520,0.03559390267917743
17521,0.03397921512090696
17522,0.5731002788482306
17523,0.03411022793094848
17524,0.0596733771758103
17525,0.8680501211691671
17526,0.04615626019960377
17527,0.8556237170546563
17528,0.24308926157366945
17529,0.8127272439137398
17530,0.8486862457922304
17531,0.30693737297703516
17532,0.03184428029189311
17533,0.03361627406746181
17534,0.8040415705223805
17535,0.16747685212386693
17536,0.18034135393949052
17537,0.8487818413564805
17538,0.03600118448508612
17539,0.6284320788047649
17540,0.05129301023907723
17541,0.056566641277908336
17542,0.7950937187186967
17543,0.47300702166260233
17544,0.7491864702983266
17545,0.05664754431830102
17546,0.8062844433383918
17547,0.5173035864240597
17548,0.8511244844183181
17549,0.03303078584203089
17550,0.1911352990423586
17551,0.4959496005117878
17552,0.7942474818537073
17553,0.888260612157848
17554,0.09473631184454595
17555,0.8262378618971564
17556,0.5440170644166503
17557,0.038828406797316736
17558,0.034961700158517295
17559,0.03515823493306534
17560,0.3748116206248052
17561,0.3199682305141005
17562,0.03471680360845805
17563,0.03656652221826436
17564,0.8561023492369442
17565,0.860987458089046
17566,0.11528531749984172
17567,0.15482474046034314
17568,0.03152653701279176
17569,0.8891005064289221
17570,0.8490687135491622
17571,0.0333839290822835
17572,0.23115231550598192
17573,0.04069938692288924
17574,0.8245877153477876
17575,0.032192776666155574
17576,0.04565668951201392
17577,0.06822792796908268
17578,0.11472531772065779
17579,0.82837179744108
17580,0.8915326711846057
17581,0.8438474950636599
17582,0.06635531885309888
17583,0.032876193303782796
17584,0.8697533582512892
17585,0.5569344195869673
17586,0.7969580482528151
17587,0.03153504058073761
17588,0.25067760758142965
17589,0.8541687277998435
17590,0.033760444186109934
17591,0.03369770585950159
17592,0.034710228292887536
17593,0.2143695960333368
17594,0.033030850336649736
17595,0.05118444452674677
17596,0.04913303095882816
17597,0.0378640986138555
17598,0.037389814269739405
17599,0.8174415681907404
17600,0.038652698643155535
17601,0.1385789577998505
17602,0.6066995439984836
17603,0.5611402164147986
17604,0.7089135590900344
17605,0.033632977571498676
17606,0.6736395359730287
17607,0.3398115585754881
17608,0.03506637551520555
17609,0.054278918559839455
17610,0.8594092717660513
17611,0.0390461846192875
17612,0.5054517162111133
17613,0.9155104625164969
17614,0.5606240643315878
17615,0.8677265328813941
17616,0.15015985710890353
17617,0.7592803352268797
17618,0.03244082524906998
17619,0.8883584467432465
17620,0.030941356146495742
17621,0.30745193644445656
17622,0.03700448657491006
17623,0.8016607497905321
17624,0.4786987808059492
17625,0.562539445625199
17626,0.0368543869998236
17627,0.8097368895331115
17628,0.24869948751533916
17629,0.4580085364490525
17630,0.045072342347045685
17631,0.038335307028557634
17632,0.4637492443440626
17633,0.8137248158778506
17634,0.041307545892375196
17635,0.7398571195164676
17636,0.7826836132305287
17637,0.6355633958916306
17638,0.5654206586284449
17639,0.03384515608977987
17640,0.6916365797390208
17641,0.6419539964655052
17642,0.05904091598600619
17643,0.032651168302478925
17644,0.03205172843316361
17645,0.03292111891300136
17646,0.812480051859497
17647,0.7807235471828016
17648,0.04577410313092272
17649,0.5978100795756427
17650,0.8606308990573307
17651,0.5815074620509939
17652,0.04681628313276318
17653,0.7746802827665715
17654,0.04275677890914696
17655,0.031449762234520534
17656,0.12337188223193957
17657,0.8822335008058653
17658,0.8615450312921136
17659,0.5603286121239748
17660,0.1939580729157786
17661,0.051818535244085404
17662,0.03195036847920348
17663,0.6718940637676742
17664,0.05865206294123705
17665,0.04471672729474163
17666,0.3680787955450595
17667,0.5876820051209856
17668,0.5181857928862763
17669,0.05535719271108375
17670,0.04108392830200691
17671,0.05783485681409457
17672,0.07253197245761889
17673,0.45766679164142565
17674,0.7354574702671253
17675,0.034356951868345816
17676,0.03333748669458725
17677,0.3317203301575936
17678,0.39820051668331247
17679,0.8946723441436815
17680,0.9083263587378084
17681,0.5051678842834543
17682,0.03140390025749479
17683,0.03359970169432197
17684,0.5931579528777249
17685,0.814908878932924
17686,0.03599289961303747
17687,0.764569231885055
17688,0.0353567558069648
17689,0.1099797283929581
17690,0.4808969723613587
17691,0.6093175610270543
17692,0.31477362465969017
17693,0.47993991141820813
17694,0.2904661303018483
17695,0.7923320736646733
17696,0.14745118737419868
17697,0.8246273782964695
17698,0.22607961232458518
17699,0.8682727469567155
17700,0.07374520116139181
17701,0.6409435894859924
17702,0.03190960108101322
17703,0.49087784947236623
17704,0.894480927941351
17705,0.0341436087567426
17706,0.9015110805415999
17707,0.05740599229562311
17708,0.0347971881739706
17709,0.6462785288528261
17710,0.5435492300091495
17711,0.1317353313759828
17712,0.8631833061059904
17713,0.040254814369201544
17714,0.03629744808962217
17715,0.04643360782526808
17716,0.032878995137413346
17717,0.03557977765158451
17718,0.8712505354412574
17719,0.6786983451109933
17720,0.42750890780330003
17721,0.7567069181022881
17722,0.8042774421909109
17723,0.879819347450683
17724,0.8521116249537795
17725,0.8373512552415061
17726,0.8732065516075216
17727,0.7582595112132127
17728,0.855410093826754
17729,0.08656222878836438
17730,0.03714871488805669
17731,0.5988920177140912
17732,0.6395674896220342
17733,0.29963588475788605
17734,0.09799675914033386
17735,0.8375029395969998
17736,0.43336521744157097
17737,0.7655807364769256
17738,0.7376837050302343
17739,0.25802830987483694
17740,0.8802631827127412
17741,0.03358025603916625
17742,0.8887229291231958
17743,0.4369998598599822
17744,0.790313650536819
17745,0.06891949857030497
17746,0.03836364460871117
17747,0.7886834527911148
17748,0.8010370640396188
17749,0.06348703740262736
17750,0.032845538990731823
17751,0.8376201345676146
17752,0.036000495612910535
17753,0.03559741197601345
17754,0.03279680176178577
17755,0.04309152844773741
17756,0.8486480198365841
17757,0.21253391556903378
17758,0.16464169919340377
17759,0.03610498222187947
17760,0.05190763222874052
17761,0.03710398665778901
17762,0.8505518089624722
17763,0.4801876890354352
17764,0.03253195590434645
17765,0.8818276024054305
17766,0.04993485351840593
17767,0.03407407369807824
17768,0.897365095873287
17769,0.555771266061773
17770,0.8549930820670566
17771,0.03443760187093427
17772,0.06741494528824846
17773,0.8488522404163963
17774,0.8674696366919425
17775,0.7210852136741448
17776,0.8675531347706371
17777,0.3489134103888831
17778,0.045294061366026525
17779,0.8324509052544995
17780,0.46285855179682295
17781,0.7566191388403596
17782,0.04819230001027838
17783,0.042803350193864664
17784,0.039828406961597757
17785,0.826142011509151
17786,0.37821817492801396
17787,0.24405408494353195
17788,0.03178834975675472
17789,0.03603208074231818
17790,0.04162456533828983
17791,0.6351582112425282
17792,0.3363924677663796
17793,0.8284517882751864
17794,0.5352244421814218
17795,0.0344487003278829
17796,0.03234434968674928
17797,0.8327564828450551
17798,0.04293145196999093
17799,0.03227892148794243
17800,0.7786530629423358
17801,0.5992974422178554
17802,0.0813728799742044
17803,0.8136046154824491
17804,0.037755851914145634
17805,0.7500218129166564
17806,0.8437150329909034
17807,0.04600064090329998
17808,0.7998242387642251
17809,0.0363091435101761
17810,0.7116480113895145
17811,0.03974505764844369
17812,0.6770648994425822
17813,0.5914708368379471
17814,0.38798764299703237
17815,0.6828237955593399
17816,0.8922285239723727
17817,0.3246294006290952
17818,0.5846169042443263
17819,0.058942027735560155
17820,0.11698329740596825
17821,0.6824194429642574
17822,0.03468869990154817
17823,0.6985053039364684
17824,0.034307741945224596
17825,0.6180418352602164
17826,0.643933824443943
17827,0.03614040347045163
17828,0.20661355517996166
17829,0.857250463915862
17830,0.057829873745543256
17831,0.034342899385295694
17832,0.7552695914296226
17833,0.7109074988028354
17834,0.04162086971623091
17835,0.031140230939731475
17836,0.0344596040843002
17837,0.6797999326759684
17838,0.0571150292158345
17839,0.7286634056889154
17840,0.3360481089641641
17841,0.0509439751046473
17842,0.32282386729566326
17843,0.5705860569683295
17844,0.03457289800097302
17845,0.04897353936643509
17846,0.6787524052054248
17847,0.035352729331938115
17848,0.044259137408204904
17849,0.8109102431727191
17850,0.042493692207988
17851,0.7199772081211427
17852,0.6468988590793674
17853,0.040358550454116245
17854,0.8362691793999613
17855,0.08083220275310857
17856,0.03562857027560492
17857,0.03790543587955906
17858,0.039297756795228726
17859,0.03286590518014854
17860,0.8646381009560498
17861,0.03416777282423291
17862,0.3834266337952979
17863,0.33729649520008137
17864,0.9037762986883109
17865,0.29957683182297795
17866,0.8480354081848762
17867,0.8462061548785975
17868,0.03806817373953386
17869,0.1135391281639391
17870,0.03416007561068751
17871,0.07981331869401077
17872,0.03802741203218217
17873,0.5917850763885184
17874,0.042836332620061784
17875,0.8855425590793953
17876,0.03337272161207146
17877,0.03268813549117829
17878,0.790266676448842
17879,0.03568486083908239
17880,0.6237641461955507
17881,0.8220049603418421
17882,0.883934127696007
17883,0.03484647497620459
17884,0.7608524761012325
17885,0.5406519438979676
17886,0.5206544801328065
17887,0.04915361825309517
17888,0.3704405718137026
17889,0.8728917484768817
17890,0.7355112458213006
17891,0.8214279598301969
17892,0.5428044356465571
17893,0.9152949068399285
17894,0.03462160558906939
17895,0.34631320924672043
17896,0.7706582334157434
17897,0.7392354021448458
17898,0.7356981125926029
17899,0.4338165610927867
17900,0.17210166595012283
17901,0.0378870759704658
17902,0.5723326521104483
17903,0.35087050614109816
17904,0.8637331645728388
17905,0.045810794996076945
17906,0.035962391675540384
17907,0.342921473516128
17908,0.05659910131374096
17909,0.04546383170346176
17910,0.8205667855577559
17911,0.8346945640921583
17912,0.808695088460164
17913,0.8354982522414354
17914,0.04448827050523818
17915,0.22912005479922376
17916,0.7823437681957965
17917,0.8045708837050887
17918,0.41595142004917385
17919,0.28173115974990115
17920,0.2038944157292435
17921,0.34638517276413666
17922,0.03463380253734145
17923,0.8785199371921766
17924,0.29044997479927254
17925,0.29315130521452165
17926,0.055197595262280304
17927,0.03389229145966893
17928,0.2247831788650075
17929,0.05549999266348352
17930,0.9068441149554627
17931,0.7763261218431878
17932,0.17802669310432795
17933,0.0534683247617308
17934,0.14219141921886075
17935,0.7778016258394188
17936,0.32206338610943064
17937,0.04162356079390414
17938,0.03554795359499634
17939,0.04228567914411335
17940,0.9059316722188675
17941,0.8131847433452623
17942,0.445543170933991
17943,0.8603975109887703
17944,0.41084277938813757
17945,0.5437399147972848
17946,0.034616442008607355
17947,0.04136370175865115
17948,0.03334770436309494
17949,0.8573372174489677
17950,0.49307353575873736
17951,0.27132102441838046
17952,0.8081406416721701
17953,0.03453955627910626
17954,0.9177315498373939
17955,0.036100671260129426
17956,0.032727439616598304
17957,0.8289595762530535
17958,0.24642440061101292
17959,0.5650076112623118
17960,0.7635195794725299
17961,0.4789310958312214
17962,0.1991601856958031
17963,0.034848912418542245
17964,0.5939619592352148
17965,0.0401736130456983
17966,0.6229910624046467
17967,0.8619933393098991
17968,0.40570011454744104
17969,0.8352660762696994
17970,0.23030058450757143
17971,0.03545188145077654
17972,0.04297912018241455
17973,0.5051901792141769
17974,0.5930960423163437
17975,0.058988476729620404
17976,0.8494796371696933
17977,0.03347952300724045
17978,0.2312693131825331
17979,0.7737412131145018
17980,0.0500345647648194
17981,0.14784185797318986
17982,0.6128946590209475
17983,0.03454835749113031
17984,0.5918846577251305
17985,0.5322050211784071
17986,0.2950831540041024
17987,0.05273661407149812
17988,0.4262273040116179
17989,0.9011874673169625
17990,0.6828549668017522
17991,0.3384663275506651
17992,0.8658858416379794
17993,0.03562268512989671
17994,0.6742472076377825
17995,0.041183410691476546
17996,0.033518173270752745
17997,0.033953378955543574
17998,0.3154747006754505
17999,0.7311332785993478
18000,0.5060667108517704
18001,0.2611750968727985
18002,0.7233720589235217
18003,0.03551705606470049
18004,0.7754154450838676
18005,0.7730571487983989
18006,0.8727005760424076
18007,0.044436837262677414
18008,0.6250529527051759
18009,0.35826189196831415
18010,0.08183133143561605
18011,0.048652467180266154
18012,0.256085499313994
18013,0.13279768671961592
18014,0.7976007778671914
18015,0.035367327424407964
18016,0.37999348118501464
18017,0.8881526979356043
18018,0.04659698473383325
18019,0.03266647191185126
18020,0.039600122031639234
18021,0.16245060736396047
18022,0.04537808984601248
18023,0.39620935603674423
18024,0.032131005906910134
18025,0.15023731912291677
18026,0.4225709197604714
18027,0.032801924796094235
18028,0.034157397575344015
18029,0.18604080884630428
18030,0.09202271549698038
18031,0.12391181693991503
18032,0.034907737819087396
18033,0.8758960872193324
18034,0.07111395706824286
18035,0.4329747277192938
18036,0.040425954230310375
18037,0.031097386599476723
18038,0.0363880134760208
18039,0.859689495210503
18040,0.032748848457465014
18041,0.07415846797890299
18042,0.7150252806460987
18043,0.38919385857048766
18044,0.4068272743255231
18045,0.8412398849607919
18046,0.710307577659606
18047,0.29200364849512817
18048,0.03140927413144513
18049,0.041470808028192016
18050,0.10235078570387743
18051,0.3156349417012587
18052,0.5498536678293385
18053,0.8900797672437979
18054,0.7164782496187772
18055,0.8850155585365762
18056,0.5080680068276008
18057,0.7492449534939305
18058,0.41728742471210234
18059,0.04693902896625278
18060,0.07469583327905605
18061,0.8277277162930002
18062,0.03302595609854378
18063,0.038365569032405775
18064,0.03365324124722109
18065,0.622527542549785
18066,0.6338866213476537
18067,0.0347619285610799
18068,0.061305441569072285
18069,0.03423301214807018
18070,0.03703117441369601
18071,0.8383963140092916
18072,0.1158452071176383
18073,0.0466977699954318
18074,0.7451815277731773
18075,0.36990768313474465
18076,0.512146256973669
18077,0.08497928165067493
18078,0.04132409424320111
18079,0.06876823466425953
18080,0.4743126632155164
18081,0.032110702994547324
18082,0.09910956290892953
18083,0.03988877010452004
18084,0.034152314276591815
18085,0.6195045220168854
18086,0.3290463236560779
18087,0.7563918909275333
18088,0.1552015462065076
18089,0.7085956771254994
18090,0.036300332647789084
18091,0.38270410292244356
18092,0.7266145972094804
18093,0.8704507648965483
18094,0.8302855371272531
18095,0.040942645646040624
18096,0.32502881765553576
18097,0.04705196571166552
18098,0.29974352958888173
18099,0.07492925189036384
18100,0.7868815849401063
18101,0.6630874728640785
18102,0.8500510922049463
18103,0.059172888831160786
18104,0.14572496945692387
18105,0.7761607570762569
18106,0.2931004455253928
18107,0.6678681563314941
18108,0.7415628855290961
18109,0.03735435473639126
18110,0.5998834732153069
18111,0.032804083402113764
18112,0.03346144926693361
18113,0.03609235179259634
18114,0.8574300884768243
18115,0.8809631611487841
18116,0.7928706082546371
18117,0.4112958090570517
18118,0.7808840124124155
18119,0.03433603095545511
18120,0.8036467346368547
18121,0.17347321599777388
18122,0.5729072212017261
18123,0.5109296684786577
18124,0.03235113157826055
18125,0.03494399615247134
18126,0.7013991307122429
18127,0.043813537771541955
18128,0.5116796009976405
18129,0.11097070569204388
18130,0.6596453422147415
18131,0.7996913890048547
18132,0.03556806411314384
18133,0.6267504714550718
18134,0.8501994058081354
18135,0.03391331285065144
18136,0.25508704656975467
18137,0.851402595555909
18138,0.5116686003417938
18139,0.8197096086306461
18140,0.03967045302804399
18141,0.0338756271111482
18142,0.7962789209591448
18143,0.7249700520323309
18144,0.03319014396740631
18145,0.03169739190827039
18146,0.8003984385286033
18147,0.0387525252727269
18148,0.8022881067779714
18149,0.03424009988715139
18150,0.17793783078001227
18151,0.03167991738345826
18152,0.8465481030211885
18153,0.07311050891654648
18154,0.843438697941134
18155,0.8953230349232876
18156,0.13443940963974374
18157,0.3445338044142308
18158,0.6508080056762158
18159,0.5961857795928097
18160,0.34421523746322624
18161,0.08816693181050725
18162,0.046231732018633134
18163,0.6942508786169634
18164,0.03661825478095425
18165,0.03247648920863517
18166,0.045990650223874364
18167,0.8858970608680281
18168,0.0371865619691909
18169,0.7482185354466337
18170,0.774656278362265
18171,0.03252028729957024
18172,0.042530684446484335
18173,0.03607657854201541
18174,0.5843796086453701
18175,0.036655643061297316
18176,0.6497072409018148
18177,0.12259838075208879
18178,0.038006503129235494
18179,0.050982913303271954
18180,0.20265480326512816
18181,0.7552262001650124
18182,0.5027235227811221
18183,0.6030114518790989
18184,0.7790132545657418
18185,0.7683010073121649
18186,0.03164128891860829
18187,0.033444764905418006
18188,0.04741829423106414
18189,0.8431983299621673
18190,0.041041554884045456
18191,0.04753019243235427
18192,0.04289947325006946
18193,0.056686095936722955
18194,0.45497130480685916
18195,0.589295320005383
18196,0.7243213135988897
18197,0.710513536137547
18198,0.41947758748433506
18199,0.052365608350433676
18200,0.6832938595910959
18201,0.4935703017345784
18202,0.5166447393237737
18203,0.032473795707444436
18204,0.06315696319753249
18205,0.42838788180538223
18206,0.031644219068896765
18207,0.4436083251348967
18208,0.6801489627835966
18209,0.03748355016738807
18210,0.9087472293482295
18211,0.8726144837874936
18212,0.03646143030024716
18213,0.788301567318034
18214,0.03140434031749653
18215,0.17752625152177595
18216,0.036839437314591085
18217,0.3709406856446953
18218,0.8574360952900293
18219,0.033077330146160884
18220,0.5594508236490868
18221,0.04174449477641497
18222,0.7227230448288229
18223,0.03163853266281657
18224,0.43734771545416873
18225,0.03429957933123765
18226,0.6918844607436707
18227,0.05332213318949706
18228,0.5832851455125888
18229,0.2829066217855847
18230,0.04567756208821214
18231,0.04590987025041206
18232,0.6660711686848426
18233,0.20776847522834302
18234,0.03348130037015991
18235,0.06596754042020705
18236,0.6071163598094111
18237,0.05139200671489648
18238,0.03563355070657341
18239,0.7370062272676476
18240,0.8711046407704859
18241,0.8743471620516541
18242,0.033710995355745975
18243,0.4854768101779068
18244,0.03135616908340996
18245,0.03422636203750178
18246,0.03267043899917065
18247,0.09087786773878641
18248,0.5244213948161691
18249,0.04162550620795763
18250,0.04050737846507011
18251,0.035252847288263486
18252,0.03148332907216523
18253,0.6695993845659589
18254,0.9092389660490534
18255,0.05658532083465724
18256,0.1647449565551487
18257,0.03534547189901729
18258,0.5064182433435769
18259,0.6286101051655337
18260,0.7888410869658243
18261,0.05768980673166955
18262,0.03111166728242031
18263,0.6936385823198178
18264,0.6644160335248637
18265,0.1368869388954329
18266,0.542164596525492
18267,0.03593637812731391
18268,0.8199468395490872
18269,0.4203448308901711
18270,0.8162650971621197
18271,0.07036430167743861
18272,0.03371384796586242
18273,0.6787416394756465
18274,0.828159631804945
18275,0.5669162930719045
18276,0.037670160017859645
18277,0.4163857312915586
18278,0.5578799632880819
18279,0.05115561843207728
18280,0.7648912940316452
18281,0.8750346343369618
18282,0.03540975032317135
18283,0.03277307294769575
18284,0.8746185505762828
18285,0.03118417218283519
18286,0.07504537057448146
18287,0.03526571505949414
18288,0.9036082696266264
18289,0.7145156761817879
18290,0.657879278355368
18291,0.15391290551697656
18292,0.06537144162300391
18293,0.7947692055159084
18294,0.03436814985568722
18295,0.8934253430327133
18296,0.0561211205894956
18297,0.03555130404360214
18298,0.7079357881589051
18299,0.7268351337879638
18300,0.19095843464122067
18301,0.8475026699677088
18302,0.4988107212375159
18303,0.03366945175921683
18304,0.7469413211771359
18305,0.1814063779337695
18306,0.033423045111294764
18307,0.36315746994973774
18308,0.4207556858293602
18309,0.42282571513890455
18310,0.043754085018863506
18311,0.035120698800952733
18312,0.8437577231130228
18313,0.5439403731624892
18314,0.6322199981470877
18315,0.8866277239652027
18316,0.7501082594078543
18317,0.2750062426514323
18318,0.03196235988828844
18319,0.03223089783666405
18320,0.04601481578524226
18321,0.03344199977857491
18322,0.7422530426940748
18323,0.22121808287256878
18324,0.4907222138449706
18325,0.756534106324444
18326,0.16507375423940646
18327,0.03650148245682488
18328,0.03941378646280628
18329,0.03339150152187558
18330,0.5736735545794279
18331,0.06930560281757805
18332,0.5238669013823212
18333,0.0331432045545977
18334,0.838746557554017
18335,0.4802652833119078
18336,0.8186001270812067
18337,0.4475667608144379
18338,0.08797861669415771
18339,0.4371470038554963
18340,0.4257723385063422
18341,0.0391564192881631
18342,0.03547044351110497
18343,0.6512841009941008
18344,0.39050901900573226
18345,0.7133767206174235
18346,0.8724321724894871
18347,0.8807832627730263
18348,0.6958361527694739
18349,0.423506839061714
18350,0.05768790624604836
18351,0.346196760782679
18352,0.03491834012835331
18353,0.03307637851395995
18354,0.31919653564665407
18355,0.03379968793431606
18356,0.847923105629814
18357,0.4153682191980098
18358,0.053151617186746006
18359,0.6313974122307096
18360,0.8454617487420264
18361,0.039722692246232344
18362,0.7044414687871245
18363,0.03635188747008659
18364,0.5481607796374459
18365,0.8925565100359558
18366,0.041893934224130416
18367,0.035938101508950944
18368,0.032432885869538026
18369,0.03531837855458169
18370,0.3081888423247392
18371,0.031870477093706995
18372,0.788010502605524
18373,0.0371434487352275
18374,0.07843573603171534
18375,0.3890949290917345
18376,0.26917359123846246
18377,0.6621193815706717
18378,0.23784835834420756
18379,0.24769992051704737
18380,0.03443077391509931
18381,0.04048899893962289
18382,0.033597666973506995
18383,0.6996471090878486
18384,0.41663151958599276
18385,0.8356043182808133
18386,0.1663496926027536
18387,0.6247537547728924
18388,0.6292632874390722
18389,0.03273985687227476
18390,0.1382313541005561
18391,0.8891556774245821
18392,0.7208033776517887
18393,0.7910698066069176
18394,0.5456560462476641
18395,0.041262577082144536
18396,0.27440115056232567
18397,0.5210237054392565
18398,0.0354636775519942
18399,0.3517689993703099
18400,0.469361375636962
18401,0.03925592898421404
18402,0.8766826863160635
18403,0.4784982433861824
18404,0.2482965549078483
18405,0.8064219406758066
18406,0.8117531147831113
18407,0.839359582534461
18408,0.03340093028183181
18409,0.7593886319947564
18410,0.03836329061950965
18411,0.14426424627391912
18412,0.10542599565392222
18413,0.03404292325530069
18414,0.7606061326500461
18415,0.7757094324330308
18416,0.7284449516176746
18417,0.4572193736715634
18418,0.06337404774595294
18419,0.4833769702319459
18420,0.03179453290171132
18421,0.06342475099098614
18422,0.1396089418503613
18423,0.8436875508228386
18424,0.6994437265043142
18425,0.5480497932138015
18426,0.16104483629778263
18427,0.8667422431361539
18428,0.2967447149989784
18429,0.034046782866262455
18430,0.7342096245265828
18431,0.7768876590380217
18432,0.03967324116430862
18433,0.7814364998520683
18434,0.7149945997359247
18435,0.5528134332619002
18436,0.05472887931738206
18437,0.03423246305630539
18438,0.0316930221836888
18439,0.0363076235929832
18440,0.03527662417793412
18441,0.06499808891403219
18442,0.8984802773498326
18443,0.037962121450777576
18444,0.5948918591561771
18445,0.4345263823498934
18446,0.045539799285499324
18447,0.8529397425417407
18448,0.6348191930473472
18449,0.5150472908828633
18450,0.3188812322889313
18451,0.7638427723829542
18452,0.15900263631218314
18453,0.8243996397078485
18454,0.4033178908232346
18455,0.03957377283624808
18456,0.046825086681757534
18457,0.7684586974114898
18458,0.032595674501278815
18459,0.6707372721401622
18460,0.4721211337849214
18461,0.8259491226919877
18462,0.812550854845222
18463,0.2473327500622702
18464,0.035415546012446605
18465,0.5989088711014305
18466,0.7477268798929748
18467,0.06876881247431964
18468,0.04398385781998643
18469,0.12354145561836809
18470,0.047900538942900965
18471,0.0341931240806845
18472,0.049035587658186
18473,0.4731142529877206
18474,0.05015422226159611
18475,0.06984991932906269
18476,0.03921915137611326
18477,0.04250746326430074
18478,0.1786253191934279
18479,0.8721630869600632
18480,0.8379136491704702
18481,0.40361096900679366
18482,0.0400478540534959
18483,0.033265090839109404
18484,0.6019803846158985
18485,0.6608677330557831
18486,0.4501102943248977
18487,0.05709918132736699
18488,0.8182868677183228
18489,0.03710604028162104
18490,0.0323131930206667
18491,0.03292675659333031
18492,0.03537899349554619
18493,0.6245148159931269
18494,0.1469393480448731
18495,0.8469490844728165
18496,0.04350654582900493
18497,0.08568188606388114
18498,0.7590531715029474
18499,0.16527999401169696
18500,0.8992602112920098
18501,0.051433381291045924
18502,0.6768399088690744
18503,0.035389921993410234
18504,0.5596497625145833
18505,0.033634016244819806
18506,0.5815773548039493
18507,0.04053367831445465
18508,0.8066957634319383
18509,0.8017831937172281
18510,0.8668945590909971
18511,0.12313955908018213
18512,0.032378818953176736
18513,0.19559356540519976
18514,0.8287670268492336
18515,0.3893115981481703
18516,0.034091364065299015
18517,0.7547004757905578
18518,0.8039000636844972
18519,0.4436386156350285
18520,0.14537173339998238
18521,0.28101736544553113
18522,0.8895699642244626
18523,0.6841714135227238
18524,0.33824773702013644
18525,0.033789331665192525
18526,0.8935662902410775
18527,0.03885540138576692
18528,0.035284041767594886
18529,0.03678877823093811
18530,0.13698653176226458
18531,0.2231559701271537
18532,0.8252540213229906
18533,0.628736563335672
18534,0.5225530359075723
18535,0.04388643381120853
18536,0.6586857424322146
18537,0.062820744805388
18538,0.39005062226769244
18539,0.847592087260896
18540,0.8903524457736092
18541,0.031749884920808
18542,0.7253979759783404
18543,0.7454270358050465
18544,0.25855407632281596
18545,0.2942551230860959
18546,0.06411389065306906
18547,0.04191019464831408
18548,0.8663491701542959
18549,0.42087000923189777
18550,0.03343210174207133
18551,0.7261678628724053
18552,0.0425368118896512
18553,0.7720236937797463
18554,0.839931377727106
18555,0.5706284518979061
18556,0.047680249934270794
18557,0.5058707517913344
18558,0.895085319100212
18559,0.2564265020494932
18560,0.04301449329067562
18561,0.6857583032976842
18562,0.23280757089105952
18563,0.7396072417543413
18564,0.15475801621482127
18565,0.03178598546499499
18566,0.03716993097615735
18567,0.5343224040147455
18568,0.03340621311499691
18569,0.03131796825985359
18570,0.4914056654107164
18571,0.8959478741192413
18572,0.14858141182263263
18573,0.16779426820057683
18574,0.05819044758948357
18575,0.04464197136186472
18576,0.03424506370883981
18577,0.04797925284317898
18578,0.03759113442032162
18579,0.040494127135594526
18580,0.03445150209138436
18581,0.8526168454127423
18582,0.04092526705624139
18583,0.04019859880578475
18584,0.03646593687597994
18585,0.03344390886965898
18586,0.8766251411918822
18587,0.0641528348860897
18588,0.03171391118401615
18589,0.06003846510283516
18590,0.716466749337684
18591,0.13659169535229282
18592,0.03284201833262242
18593,0.7667421790974496
18594,0.0362236439878405
18595,0.03337318912870495
18596,0.03231020398549733
18597,0.8569618478501618
18598,0.11506424896991418
18599,0.03812441679153706
18600,0.07751393597165838
18601,0.5428127606242377
18602,0.03647665886313149
18603,0.6721543929600003
18604,0.6576436611313335
18605,0.03882648384044667
18606,0.06406673200593457
18607,0.7375058929724683
18608,0.8596833244244988
18609,0.32468695581454954
18610,0.03444071177109181
18611,0.032468893794115175
18612,0.04030916316972162
18613,0.041005303052697756
18614,0.03604790619624364
18615,0.038909175529331264
18616,0.05106869089138371
18617,0.03449812580274163
18618,0.03218227400846124
18619,0.2105097587119702
18620,0.03341550745929445
18621,0.11501783602788197
18622,0.8134718991691572
18623,0.1576423170745023
18624,0.7972773006711825
18625,0.7078956824761324
18626,0.052413202717397966
18627,0.09456294840474005
18628,0.04165468205956547
18629,0.8920046632350747
18630,0.647201331421624
18631,0.5932353822823074
18632,0.8394497865243773
18633,0.03564547239530004
18634,0.6763108596761431
18635,0.039921694785543
18636,0.1886316127922136
18637,0.7607938390650817
18638,0.035983903166283325
18639,0.6454578150911026
18640,0.8688690722685779
18641,0.8574659011210853
18642,0.061459406020164246
18643,0.8060395861363795
18644,0.4902677297289575
18645,0.796384230803856
18646,0.9175730372286264
18647,0.6651200809401635
18648,0.04804395589160439
18649,0.04028806062880635
18650,0.3223343654967755
18651,0.862534723537535
18652,0.03687880071518428
18653,0.031794123040211376
18654,0.08599581806944318
18655,0.051202772592078324
18656,0.03422041534167831
18657,0.8449863224880361
18658,0.7594359029019098
18659,0.7157020421526346
18660,0.8398197676127952
18661,0.8275267572765526
18662,0.4849546402667769
18663,0.057359109770655725
18664,0.08959951150750065
18665,0.7301628569585099
18666,0.7375408673139896
18667,0.040121928874054656
18668,0.790921846275157
18669,0.8740126456191799
18670,0.8765005317908567
18671,0.032393726681968896
18672,0.19663472530965292
18673,0.04016726024300654
18674,0.24507246803803243
18675,0.4545695786404461
18676,0.8650969918583649
18677,0.12062326722720546
18678,0.46814413104900515
18679,0.8485233138985157
18680,0.03600970633361265
18681,0.03720709488882925
18682,0.03519106844926559
18683,0.06610742242518469
18684,0.613071356400992
18685,0.03389916425467106
18686,0.7518115257496522
18687,0.20678264031399046
18688,0.7816255710456071
18689,0.16279696043790892
18690,0.04545321839984502
18691,0.034476286260403284
18692,0.5914124762890894
18693,0.04147621193718435
18694,0.8040963790964178
18695,0.03682608357844068
18696,0.7120579884864078
18697,0.033853671504546795
18698,0.6292046260528743
18699,0.56686105832579
18700,0.38144028187468326
18701,0.03532475391513828
18702,0.2153884776083948
18703,0.38534722026963253
18704,0.35846976366808675
18705,0.7553574068920769
18706,0.7466590141560742
18707,0.033874084996990204
18708,0.20901137684715052
18709,0.85486054819647
18710,0.03180392544620761
18711,0.651566383630947
18712,0.7817498950959447
18713,0.03862747230499794
18714,0.6620699937049578
18715,0.5603457913634563
18716,0.8661031765218672
18717,0.43741585229917607
18718,0.03228598570113005
18719,0.32081432151993017
18720,0.8886864562750534
18721,0.037714376037455706
18722,0.2812087369568794
18723,0.28274494921584314
18724,0.03370332012582475
18725,0.7352759716212389
18726,0.033785063939682634
18727,0.041289135818747935
18728,0.44691970207956055
18729,0.8326855342961272
18730,0.05111927488007567
18731,0.43375555170898694
18732,0.03827248746129813
18733,0.03982626252752505
18734,0.04016947910249311
18735,0.7725834732782455
18736,0.03452294672027798
18737,0.5264047311273127
18738,0.033890768843117126
18739,0.18723105396590192
18740,0.47455291337010985
18741,0.7432623705734873
18742,0.158097912221556
18743,0.4534084559695364
18744,0.7399943340439725
18745,0.03211525695626827
18746,0.6277027762989237
18747,0.7629433428969139
18748,0.6402065045488299
18749,0.6372049793784966
18750,0.03137101863906659
18751,0.4289606099313408
18752,0.04519463803813692
18753,0.04439819995017463
18754,0.04258265161084357
18755,0.03287146737492338
18756,0.4787905097043871
18757,0.04588348449919376
18758,0.7775654509029506
18759,0.20470941800926207
18760,0.04576765978008056
18761,0.3173857389644289
18762,0.5117016561978112
18763,0.8862643716845057
18764,0.031608590627586086
18765,0.8637152263566718
18766,0.8321603097343176
18767,0.6291360183134587
18768,0.36608988276029264
18769,0.24727113539198867
18770,0.03494196132505903
18771,0.43555515396374916
18772,0.8529938187782926
18773,0.06208976885213938
18774,0.031744059232837886
18775,0.04363794867238313
18776,0.8582605946803502
18777,0.27907793109380924
18778,0.24090411224452157
18779,0.6615450563675244
18780,0.12064886131562785
18781,0.031779740314511355
18782,0.5343019557605799
18783,0.06850783810291687
18784,0.6136795325843333
18785,0.2465750181642526
18786,0.8924940488910651
18787,0.03431386627626387
18788,0.06170410480306944
18789,0.5681633941457289
18790,0.04978960531053464
18791,0.03239595572265451
18792,0.6116184722184465
18793,0.09246053229724027
18794,0.2816497073640119
18795,0.16878664247864572
18796,0.03189077556060364
18797,0.3072882732338046
18798,0.031036926267981046
18799,0.03654178824609127
18800,0.03422198808474444
18801,0.5613345776466975
18802,0.22007744618775416
18803,0.889837431101401
18804,0.6771924218922439
18805,0.4876560369199966
18806,0.7198978101698683
18807,0.8613620686570338
18808,0.43500155548809427
18809,0.2373885737639827
18810,0.5627219318414947
18811,0.03189709288295901
18812,0.033055198878191916
18813,0.05155341633604399
18814,0.7248636712728234
18815,0.44961098260734056
18816,0.032166029100607355
18817,0.031772968077160034
18818,0.03238417753479786
18819,0.5888794908173408
18820,0.7343647324340001
18821,0.04540833142433914
18822,0.7876339336345346
18823,0.9019782076555856
18824,0.6119552158778768
18825,0.7764183607197823
18826,0.8312901359315421
18827,0.032037858677103764
18828,0.6646071013969759
18829,0.037831873304430226
18830,0.0376484120566544
18831,0.35429060754965425
18832,0.03363214468351207
18833,0.3599467673056654
18834,0.0580741639624064
18835,0.6663404496595918
18836,0.033133611364149836
18837,0.6259144009193017
18838,0.0356575035180692
18839,0.9122286652135958
18840,0.03521610667561658
18841,0.07887652899036236
18842,0.8736670160881621
18843,0.3258229735890122
18844,0.6529952269002863
18845,0.4664278939354803
18846,0.03633577049514943
18847,0.1503354246589052
18848,0.035601773410938876
18849,0.7166036530297406
18850,0.05687242813104121
18851,0.0315790042083708
18852,0.5316951672821203
18853,0.670380748968685
18854,0.09413011750356333
18855,0.896645472203502
18856,0.048041492214360916
18857,0.36903267280640784
18858,0.033527883929098695
18859,0.8268088429991481
18860,0.3117156422911185
18861,0.8604500777719316
18862,0.038436762435723346
18863,0.20427270789023846
18864,0.28655741739464646
18865,0.04072509083717968
18866,0.5907538411849659
18867,0.03361408837222607
18868,0.5901590586805324
18869,0.036942622263524426
18870,0.2111082851055866
18871,0.367452261341723
18872,0.8622002817139156
18873,0.04217118728222154
18874,0.3223827487859374
18875,0.5426875748562997
18876,0.7108574139369205
18877,0.059094010368262895
18878,0.583620216770295
18879,0.4247855380603698
18880,0.6365613161153443
18881,0.03308216298863155
18882,0.4805308331001441
18883,0.8314099331463765
18884,0.5132686668999131
18885,0.043170323255752534
18886,0.13420949478156047
18887,0.4760035949100413
18888,0.6459912598243007
18889,0.034254030945033556
18890,0.031583448921897336
18891,0.060723701011971554
18892,0.03532652153522197
18893,0.8736927829885782
18894,0.09546104056633564
18895,0.45414048076141056
18896,0.2858828591644335
18897,0.7467589180092291
18898,0.04179550102776933
18899,0.802489931848267
18900,0.04741480832485408
18901,0.04390416444912787
18902,0.23898779770221856
18903,0.061285290526215355
18904,0.8303328653947069
18905,0.8062228099769375
18906,0.055578695213316
18907,0.04121567790673898
18908,0.04117048930912616
18909,0.8557291791931301
18910,0.7246352466981674
18911,0.04253183884552298
18912,0.056846865394710004
18913,0.7787023131493962
18914,0.03340322464314571
18915,0.36770316575730283
18916,0.03797668861367688
18917,0.5629826280066732
18918,0.7498273003863414
18919,0.03357414723638934
18920,0.03260805450601899
18921,0.2825957252531093
18922,0.036317401387681074
18923,0.803603845332061
18924,0.03213957074353814
18925,0.8059884507888081
18926,0.036370175111751495
18927,0.6473521222347014
18928,0.0342976100444885
18929,0.30797125852147195
18930,0.040259399654185415
18931,0.40531854536847234
18932,0.30842552409512386
18933,0.040241267559941736
18934,0.556959963393208
18935,0.49760002940072245
18936,0.14845336625500505
18937,0.621595125312176
18938,0.03149853448590429
18939,0.9066568595829954
18940,0.25318917464258556
18941,0.4417980730533827
18942,0.6971232917320043
18943,0.10359597550427667
18944,0.7662182002201081
18945,0.25353233432672106
18946,0.8296716518426236
18947,0.8135957620807542
18948,0.14744889555903862
18949,0.8909570692176987
18950,0.31805457953662963
18951,0.7438852509327962
18952,0.2331059842409841
18953,0.05692074557990876
18954,0.6928779458195731
18955,0.26585042718386404
18956,0.5842640723780322
18957,0.7230695918409077
18958,0.03147419638460868
18959,0.8451803926077998
18960,0.5916286428117872
18961,0.5939686102742656
18962,0.041442769648712116
18963,0.03757010882704067
18964,0.11624559361057424
18965,0.759561903252858
18966,0.0421140566720109
18967,0.032444969845567474
18968,0.3437655400785005
18969,0.03564695274250198
18970,0.046133500166423744
18971,0.04166611215763302
18972,0.038245782265800395
18973,0.8215835330280941
18974,0.2740986249752715
18975,0.8337570944796291
18976,0.03177486135798889
18977,0.21263002303118309
18978,0.03604812107629745
18979,0.05005838483268747
18980,0.5761222604452648
18981,0.035013465428249645
18982,0.03762863863666292
18983,0.7036452521019632
18984,0.03415403449804316
18985,0.3072538653340403
18986,0.04349036289579848
18987,0.8029543827114423
18988,0.453066666629067
18989,0.5686565938526599
18990,0.31014332504412656
18991,0.04324344259282871
18992,0.29282086456816425
18993,0.37068781425168446
18994,0.0741683523176851
18995,0.8755763054542103
18996,0.039348069537279325
18997,0.5101746086582799
18998,0.326834950304252
18999,0.04111103458883717
19000,0.06711474600521784
19001,0.7956019454867937
19002,0.23384773331204045
19003,0.5642193737160613
19004,0.7964804211073082
19005,0.3510802437271422
19006,0.18477720150466842
19007,0.03328320696346821
19008,0.8159946694370193
19009,0.04639163264435732
19010,0.03968639150378298
19011,0.8386294418110223
19012,0.033570812348525714
19013,0.03192683197678495
19014,0.0688269537290865
19015,0.1098931885605269
19016,0.03144202358458686
19017,0.6422341189240939
19018,0.6969715590346062
19019,0.03648533367231608
19020,0.8693467068963199
19021,0.03604521673737069
19022,0.5185308744435035
19023,0.8329301310234711
19024,0.5967973258246702
19025,0.04920384477408833
19026,0.45311785736719545
19027,0.8369712072698863
19028,0.621452502240517
19029,0.03200043336078875
19030,0.9018681666445364
19031,0.3689113304222328
19032,0.6903711852674
19033,0.04462947367349529
19034,0.033842450042521496
19035,0.034156502379605685
19036,0.04710476751906231
19037,0.0378981380156122
19038,0.8565657004864136
19039,0.03717758124216662
19040,0.562008246430319
19041,0.8640560114056774
19042,0.2668931945014185
19043,0.8654031989961506
19044,0.04267746327993923
19045,0.795409442683682
19046,0.3069802740559964
19047,0.14386013229817787
19048,0.037933839142124975
19049,0.7771065755444131
19050,0.07200768334288296
19051,0.10111521603813928
19052,0.038783519363517045
19053,0.0349976724962773
19054,0.035964791162413655
19055,0.035396664625701985
19056,0.906717691250752
19057,0.210997195371059
19058,0.7904597412477388
19059,0.04139365992919469
19060,0.031366401737232125
19061,0.8812505715883883
19062,0.41361094817979877
19063,0.036957786332502365
19064,0.6398978972407476
19065,0.6571901173039514
19066,0.06641287909486973
19067,0.584933929167747
19068,0.5173052227035118
19069,0.03462619077399505
19070,0.03915809037777808
19071,0.6713379851422367
19072,0.031112494700020775
19073,0.056011775900450866
19074,0.8282433182207549
19075,0.054092685235993775
19076,0.0462665043776045
19077,0.8708191890408987
19078,0.0338947819509965
19079,0.5512658744348646
19080,0.47787715176518886
19081,0.6506408916528432
19082,0.8049046116906886
19083,0.06195955452119112
19084,0.053881423564971845
19085,0.8468215711248914
19086,0.417777967806484
19087,0.045374185965718225
19088,0.038615869476860756
19089,0.2228377889919089
19090,0.03315052759257999
19091,0.7022039711835046
19092,0.7347873513726279
19093,0.6591332305878979
19094,0.8901855195979449
19095,0.8256045085199715
19096,0.8725087005847296
19097,0.8353473191321272
19098,0.6916248353241798
19099,0.04946290346450147
19100,0.13973882618606423
19101,0.5941248172951009
19102,0.03252784239610405
19103,0.8670774358657165
19104,0.03431622486425486
19105,0.05946209665285298
19106,0.5498264064727616
19107,0.45999138975228027
19108,0.23474198539647168
19109,0.8813927143544508
19110,0.03411827903465488
19111,0.8741604001613363
19112,0.03218244851169346
19113,0.05040168334583971
19114,0.03225545318292239
19115,0.03411299871534998
19116,0.8412441282363317
19117,0.03337828826589406
19118,0.038143025255020856
19119,0.0314892876747047
19120,0.5608971629060205
19121,0.655963227014447
19122,0.034770154949003276
19123,0.03789388280994661
19124,0.16999421079370164
19125,0.7256243043528615
19126,0.03806430681839384
19127,0.03485526373512389
19128,0.8780637275391833
19129,0.8973216890101057
19130,0.036863357479562056
19131,0.8482958264156395
19132,0.07206298765393368
19133,0.031104708709824416
19134,0.15550224354827405
19135,0.5400273771823908
19136,0.8066542753933563
19137,0.04081691497305398
19138,0.03488861577902107
19139,0.5905163787405412
19140,0.2972569276206257
19141,0.6753765304555964
19142,0.6511112633141121
19143,0.031205545721945005
19144,0.27241233816669613
19145,0.06789801822724068
19146,0.03187684828442227
19147,0.05034094435017612
19148,0.040777544482777234
19149,0.6979895010443234
19150,0.7273586877882424
19151,0.03406781902540937
19152,0.03189271542850382
19153,0.041164604589135
19154,0.3588287292194722
19155,0.88084773565078
19156,0.6288047319689839
19157,0.5311369297226726
19158,0.14176165444233765
19159,0.7469417782782212
19160,0.12716586480381767
19161,0.7722576085611761
19162,0.05726577070707903
19163,0.7861980925500174
19164,0.7858868204736487
19165,0.03470535475761663
19166,0.7967472500178485
19167,0.8878401462857572
19168,0.0584193836365416
19169,0.8923712507117898
19170,0.30279771097337843
19171,0.04475661608111217
19172,0.7992616548854188
19173,0.25140104336994434
19174,0.7595514494129217
19175,0.03488166077856195
19176,0.8573763761289224
19177,0.2130550221154689
19178,0.17303645370390797
19179,0.04127921305463405
19180,0.8681349361973529
19181,0.3150133318258566
19182,0.7001973282001616
19183,0.652618607420272
19184,0.8420579733864736
19185,0.032793380414955706
19186,0.6348105185486765
19187,0.2729380907089815
19188,0.07907395700252082
19189,0.04464672698794793
19190,0.03165085114385255
19191,0.30984130787551867
19192,0.03365460896784488
19193,0.21527987050297615
19194,0.6568717441231935
19195,0.8613952631739031
19196,0.032009119807206346
19197,0.03789003897180242
19198,0.03343277465099633
19199,0.05231183614011206
19200,0.7368967571401035
19201,0.8723563824761198
19202,0.11132157590264016
19203,0.03563705861130736
19204,0.15852987688932793
19205,0.03757177436080125
19206,0.8235280318780105
19207,0.1685158677617895
19208,0.06724050810304295
19209,0.7200733240597714
19210,0.04133790449252814
19211,0.05470555915125164
19212,0.033799807472776285
19213,0.7886022118437627
19214,0.0343624530630386
19215,0.031596315653581855
19216,0.03975381422096659
19217,0.7554814965745935
19218,0.03176485068382305
19219,0.8233274446001877
19220,0.87568677090458
19221,0.04170615426637818
19222,0.19056127266705408
19223,0.04573977025215313
19224,0.36237708438424154
19225,0.03486632140338299
19226,0.031156506665096596
19227,0.03411752726063555
19228,0.8726841084581513
19229,0.7981371761055264
19230,0.3154895678421108
19231,0.78119644556701
19232,0.035299895238549574
19233,0.05797975177810581
19234,0.8044099971138496
19235,0.35947756406657416
19236,0.12875539261330382
19237,0.03430446142800126
19238,0.03156303973329823
19239,0.8551010259282328
19240,0.6737184380812002
19241,0.4080940887454054
19242,0.5676533042443803
19243,0.03536336787950293
19244,0.03145413363517427
19245,0.04469837267979979
19246,0.03246262784529475
19247,0.8894175011205457
19248,0.032835612593527665
19249,0.42805674568499386
19250,0.6776891888814278
19251,0.8866239058219403
19252,0.03178962562273496
19253,0.304828309919948
19254,0.641998961831368
19255,0.6279846174412949
19256,0.1635076766220658
19257,0.8278155430799392
19258,0.8677992683271819
19259,0.03288956454665327
19260,0.03862745939739202
19261,0.039026456805269
19262,0.6699865060800488
19263,0.22417834298515288
19264,0.059704658694503046
19265,0.23977449131994233
19266,0.03263191878380901
19267,0.03792404502940373
19268,0.03129992130811622
19269,0.6313257653385297
19270,0.20501617323089943
19271,0.3548737174383645
19272,0.4024732536119788
19273,0.7033249458854312
19274,0.17079505958710614
19275,0.14713351600391672
19276,0.034465138491863154
19277,0.03188223458901678
19278,0.1496424695850929
19279,0.04867303122909569
19280,0.05583311740130463
19281,0.846962000425669
19282,0.04014994652333363
19283,0.7556556414596223
19284,0.034597641837962934
19285,0.04913405640050042
19286,0.031315179306579684
19287,0.6029177786728512
19288,0.03470198179486447
19289,0.031845179384791714
19290,0.733895939650324
19291,0.034200268810572726
19292,0.04330073501509945
19293,0.03397446278375357
19294,0.043773834903069735
19295,0.25260089278993253
19296,0.034655797775441304
19297,0.8137873907480864
19298,0.035896974873902046
19299,0.536876508708697
19300,0.6543751428869953
19301,0.7652172303771316
19302,0.05606304788202048
19303,0.5564209806669548
19304,0.031933529954449424
19305,0.2195773433126738
19306,0.8129143336099366
19307,0.4400623194740565
19308,0.04429112877016076
19309,0.24139202066206997
19310,0.715983085645401
19311,0.042258016384608445
19312,0.29008138440380643
19313,0.03627888050151935
19314,0.03342115890257681
19315,0.4430356306254095
19316,0.22633526016070712
19317,0.571128939561296
19318,0.09999536534953166
19319,0.03419001697615066
19320,0.7301226513849771
19321,0.47776359605196717
19322,0.6143440477001547
19323,0.051284821121101914
19324,0.6226129924490392
19325,0.9061638550984212
19326,0.6306408278004227
19327,0.5595000366430343
19328,0.0342247108663523
19329,0.5906030305575929
19330,0.031274800304575655
19331,0.8675519029986891
19332,0.03913146636360463
19333,0.0322906726079841
19334,0.4784444516312548
19335,0.4379182469730868
19336,0.05114953527046827
19337,0.05342206115598967
19338,0.15972750737465727
19339,0.29237676158248205
19340,0.8829800034051398
19341,0.15240719069718262
19342,0.299724405929912
19343,0.6028783376617834
19344,0.8642426272388457
19345,0.8910552506095665
19346,0.15797821328557066
19347,0.80360016142482
19348,0.06278196298058741
19349,0.8798122065835224
19350,0.17100378221694634
19351,0.8404685728155438
19352,0.8701811018622951
19353,0.03691570365645409
19354,0.06002678195883919
19355,0.7435731819468805
19356,0.2658493351541489
19357,0.31712356381097284
19358,0.3941759485773821
19359,0.0371876608986824
19360,0.04625555150712853
19361,0.044951752390928176
19362,0.8454857037602066
19363,0.03238596439829663
19364,0.0575453170850064
19365,0.03799194567513649
19366,0.8432654641409827
19367,0.7311444459136911
19368,0.03592950837519863
19369,0.06570680129038417
19370,0.03250915604172969
19371,0.03469725516848844
19372,0.6157658605592751
19373,0.8541378367889872
19374,0.03913037015330446
19375,0.07280333942767524
19376,0.8427719382787645
19377,0.5050804502045444
19378,0.5162251183449658
19379,0.17688284349806227
19380,0.7666439108887424
19381,0.04496301246834587
19382,0.5705974108825402
19383,0.04932109531421355
19384,0.042122148591560604
19385,0.8540071363653574
19386,0.8647498046624524
19387,0.8324658244190043
19388,0.6468494686944025
19389,0.6452443512557351
19390,0.8425697464214363
19391,0.03834431133049555
19392,0.5553609807285466
19393,0.031057868749892248
19394,0.037262363932293
19395,0.2514173598574721
19396,0.03246870818157078
19397,0.6848127398775032
19398,0.3978224555066679
19399,0.856200529892381
19400,0.5961039560941821
19401,0.5462210049544193
19402,0.039760799860383625
19403,0.09418499591243304
19404,0.5385495537361161
19405,0.0730142411738286
19406,0.03723530357843098
19407,0.3270070993647934
19408,0.03757926816567397
19409,0.47637982086226627
19410,0.5523491433237759
19411,0.03449652704784456
19412,0.0668256793025048
19413,0.7267731845283667
19414,0.03572170391411969
19415,0.8946086427728093
19416,0.03100851050876944
19417,0.8987766530080723
19418,0.043758366966786214
19419,0.08301698543230525
19420,0.048656232235009915
19421,0.7501998912894619
19422,0.05008968270532907
19423,0.8196389321991464
19424,0.8205202235214586
19425,0.8342146784995347
19426,0.05432850439406807
19427,0.07312927714695035
19428,0.6952786006849273
19429,0.040923429894654126
19430,0.3293062367562552
19431,0.8420249669949273
19432,0.033338935111484606
19433,0.8081524161569618
19434,0.7994161956601883
19435,0.052223325624646405
19436,0.5692823818540199
19437,0.0346982108271791
19438,0.062624376206095
19439,0.14486271620812774
19440,0.8742656123740715
19441,0.036081955444246985
19442,0.6834740886164912
19443,0.8974795571886803
19444,0.7031560842568946
19445,0.8543321143250906
19446,0.03220214974750963
19447,0.3776844949478405
19448,0.7136699213706912
19449,0.09806586137905376
19450,0.4658344595490177
19451,0.7435774747528605
19452,0.8100847139600542
19453,0.4536476521641172
19454,0.2617270143788442
19455,0.6360666051368666
19456,0.6895044370115324
19457,0.1991777218080139
19458,0.033285639158275884
19459,0.9039130149228263
19460,0.5605171724217194
19461,0.12625463129532052
19462,0.3975797842642474
19463,0.03275954933099597
19464,0.59589466927932
19465,0.03325186157714473
19466,0.17937482061218643
19467,0.6235688744223382
19468,0.04024731754629677
19469,0.0364560240193782
19470,0.03170446374320495
19471,0.18092348129891755
19472,0.6924316413370686
19473,0.6688909722283831
19474,0.06646673867659533
19475,0.7266391623225796
19476,0.14745676623450496
19477,0.6544067304374197
19478,0.6244660391546342
19479,0.83866250000174
19480,0.7582622725599379
19481,0.26126579600620037
19482,0.04812959184425283
19483,0.28372587641391894
19484,0.2582759481006876
19485,0.035595211711288176
19486,0.06313252240760973
19487,0.18789184412764806
19488,0.1747930522478501
19489,0.04058280548133307
19490,0.5622664461687016
19491,0.7175565343205422
19492,0.885280413587246
19493,0.04031230075103859
19494,0.8751914452199443
19495,0.03556896647678681
19496,0.0440102551134908
19497,0.03261479506381734
19498,0.8576316238111001
19499,0.041727692067254886
19500,0.5202906397491993
19501,0.3541908000669349
19502,0.047990657188345734
19503,0.5279884743627804
19504,0.035400012278399916
19505,0.6419220524729088
19506,0.6708853402417382
19507,0.6879216566354593
19508,0.5272308221608547
19509,0.639146466229765
19510,0.03284163575236817
19511,0.10537630827778317
19512,0.2585876264043725
19513,0.6605555210089947
19514,0.05312152004173897
19515,0.7621292590382259
19516,0.19862299360226096
19517,0.04205501177905724
19518,0.03771816366857699
19519,0.04396780665574317
19520,0.03305970369181433
19521,0.05392925067607716
19522,0.037878507901875684
19523,0.7501597374053056
19524,0.6369664757246585
19525,0.6185601086485422
19526,0.3579918968561717
19527,0.8402804377749613
19528,0.7757464632405898
19529,0.820507388700721
19530,0.6570831187966859
19531,0.04808080027274891
19532,0.03890699632992819
19533,0.5637475684062841
19534,0.9152879210872717
19535,0.06625625324862834
19536,0.03556894396556748
19537,0.7376704146784328
19538,0.7874688959248555
19539,0.880344394932352
19540,0.17436415189763904
19541,0.8438287185619797
19542,0.03478918205181728
19543,0.6773610359149183
19544,0.5401480297116427
19545,0.8749672820269585
19546,0.5605257154416871
19547,0.04219766267080711
19548,0.8274732419686803
19549,0.7720582308649464
19550,0.9022439235498614
19551,0.033955424528225024
19552,0.8307257039019893
19553,0.09644044143749393
19554,0.7717003785660226
19555,0.0354779863119069
19556,0.03644179466748686
19557,0.040585143670169764
19558,0.03105333484723926
19559,0.5349690060160247
19560,0.10145799990374911
19561,0.49521890011769554
19562,0.051704460623502244
19563,0.5933934106007187
19564,0.7581572425022711
19565,0.0731976838208243
19566,0.13403948840313148
19567,0.03258552970322203
19568,0.14247383942278027
19569,0.9099808817076533
19570,0.03802164260800276
19571,0.31144531516492585
19572,0.04130021887747928
19573,0.040056141336763246
19574,0.03526086306394248
19575,0.49826492731434585
19576,0.7809539058244601
19577,0.43143287336713076
19578,0.03550638029937257
19579,0.03263417273624562
19580,0.03430358410209284
19581,0.44725450321392696
19582,0.03306478166426915
19583,0.060797406304196125
19584,0.8074211762439873
19585,0.036752820300748106
19586,0.03611069437318488
19587,0.09404723452825343
19588,0.7409370187278687
19589,0.04228279287138041
19590,0.2325115958899447
19591,0.03156748067676383
19592,0.24889638930599461
19593,0.22843001812583716
19594,0.04456396168282055
19595,0.39110854258208955
19596,0.03233170343309712
19597,0.03127308778965835
19598,0.03315457314308283
19599,0.08138829789261352
19600,0.7610952251676368
19601,0.8737873061153674
19602,0.9135196860040162
19603,0.20902933493328063
19604,0.7346770530607311
19605,0.03554825945748359
19606,0.7738161213415377
19607,0.19234213153647595
19608,0.4743137093271558
19609,0.03927808037291558
19610,0.03651450725705501
19611,0.08221180805759257
19612,0.04600930460341916
19613,0.04341561163578027
19614,0.6914955773626613
19615,0.8741792557699116
19616,0.04184751835445946
19617,0.5694070201374521
19618,0.6723716159281401
19619,0.6925794449510847
19620,0.04877381279678451
19621,0.8220404861812796
19622,0.701893097082392
19623,0.04481591893096459
19624,0.6260585482512206
19625,0.03523841778420105
19626,0.872516519031991
19627,0.21928148773903344
19628,0.03341940389686881
19629,0.6989569661820167
19630,0.8369987752464361
19631,0.5788718483348272
19632,0.04270203749081316
19633,0.609237532071681
19634,0.1673671340624147
19635,0.6555845651067913
19636,0.16447706785627625
19637,0.04297629350400377
19638,0.035949848073271146
19639,0.6006222155809591
19640,0.6018746195762693
19641,0.8706422095088922
19642,0.037009748563835376
19643,0.5174543990391918
19644,0.7951070856202072
19645,0.7898720202444167
19646,0.042032044715771176
19647,0.1607768766720327
19648,0.2822038267081593
19649,0.777234874730903
19650,0.6674765784536693
19651,0.041750645684888545
19652,0.5776929626815525
19653,0.04803512719466435
19654,0.8800771369014175
19655,0.579209102212179
19656,0.19091417630064295
19657,0.11804542023465815
19658,0.1782776265672834
19659,0.8825914297713974
19660,0.034061455044778616
19661,0.732580744271896
19662,0.8575744275853774
19663,0.036587544002675665
19664,0.7961636426165348
19665,0.5773634426288764
19666,0.8363080446998455
19667,0.03298217610722805
19668,0.6536661191408908
19669,0.6046460906813108
19670,0.03409988986147837
19671,0.4182933764695598
19672,0.04231266389548705
19673,0.875421648413467
19674,0.7347666987555276
19675,0.4818806984511772
19676,0.28001941908838385
19677,0.5595679083583465
19678,0.0364595286884245
19679,0.7837536681129311
19680,0.056230998248512985
19681,0.1166903243471718
19682,0.05288495519208318
19683,0.10475736586157315
19684,0.049549410877487814
19685,0.041554984954696214
19686,0.03154853560328377
19687,0.04493927694530665
19688,0.19885271018476902
19689,0.49713099612123374
19690,0.6622601397027905
19691,0.7932524848715719
19692,0.46038165358043187
19693,0.5664568871793332
19694,0.5584663881211653
19695,0.03953947837209085
19696,0.48408167804316593
19697,0.37635578665496705
19698,0.04674215541442983
19699,0.8285532907351172
19700,0.6775742349285903
19701,0.7629518545438141
19702,0.19402735660460954
19703,0.452087652519361
19704,0.6266418365213684
19705,0.03427101088739772
19706,0.037000514796189564
19707,0.03180492258142006
19708,0.03312121967395929
19709,0.10477398895869441
19710,0.044232775880111326
19711,0.03439148730139405
19712,0.03987412573305189
19713,0.599732401221103
19714,0.04469052465822737
19715,0.03782498981722542
19716,0.3729157584090723
19717,0.041233199170366205
19718,0.03178498867395919
19719,0.5658740310655498
19720,0.6931444059144803
19721,0.07305615990905302
19722,0.7399968715034063
19723,0.04268089489125755
19724,0.048854365924138624
19725,0.034535251888466276
19726,0.032505852990197134
19727,0.04416091680471387
19728,0.04049420867835224
19729,0.4353132067815344
19730,0.5410222955804685
19731,0.03527420389809037
19732,0.34624508981664015
19733,0.8563622757097806
19734,0.036392435823543845
19735,0.24184740191156096
19736,0.7356834482053831
19737,0.033297011905500405
19738,0.8972126738942235
19739,0.048838572617286004
19740,0.5895779267906124
19741,0.846726846896166
19742,0.07510614185398545
19743,0.04208912358655476
19744,0.2539071874994119
19745,0.8417135128404793
19746,0.03141960426149622
19747,0.45399524454860307
19748,0.04043658595176261
19749,0.07261691164164484
19750,0.031436569044493115
19751,0.7005521930031826
19752,0.8579942884459258
19753,0.0350958593354998
19754,0.0350276931425202
19755,0.06983321932197459
19756,0.8399377510236221
19757,0.820767107593805
19758,0.0469211131322573
19759,0.7196327182693288
19760,0.52098386874517
19761,0.03665959283085761
19762,0.4640014112944902
19763,0.043213589667518836
19764,0.6934322714706648
19765,0.751012538108337
19766,0.08280421026361132
19767,0.5955373466110994
19768,0.7545094438734414
19769,0.0950971911246837
19770,0.5227212102770924
19771,0.2654361975125097
19772,0.7103099004929574
19773,0.033274764423475975
19774,0.03482495479830689
19775,0.8860959644683767
19776,0.570728912967535
19777,0.537373940217315
19778,0.8328642678941136
19779,0.5887425193355031
19780,0.03629793428389548
19781,0.03507046456088859
19782,0.046974787205614835
19783,0.03337683718041854
19784,0.7841027269232883
19785,0.03721317023185781
19786,0.031940516083507814
19787,0.052119401765090306
19788,0.041664036211214596
19789,0.2681744614537368
19790,0.04545485757357218
19791,0.039115332097051786
19792,0.6358104118651754
19793,0.6148552110062782
19794,0.4692143011311364
19795,0.737771355103273
19796,0.07575253730704844
19797,0.03763432860839849
19798,0.045868426687634904
19799,0.04224245041216762
19800,0.12485801732839788
19801,0.8237969956508815
19802,0.17415818845431574
19803,0.8032983376544944
19804,0.04209872598471612
19805,0.04396344233187244
19806,0.8293021765217774
19807,0.1732074455090164
19808,0.4558120786259492
19809,0.09983048502359981
19810,0.0376294360759034
19811,0.8519329119753772
19812,0.03640935245365689
19813,0.273796455823319
19814,0.03360792554067776
19815,0.5990672717937237
19816,0.04607989966547275
19817,0.8159816593082971
19818,0.04184360168129162
19819,0.3526495091965827
19820,0.7853580170874153
19821,0.35064201172392073
19822,0.8003396959279689
19823,0.0481564821534303
19824,0.8507541068841863
19825,0.06256825238694147
19826,0.5364819803603426
19827,0.8875580431841333
19828,0.04475078464585172
19829,0.0321512324212634
19830,0.45213711303279525
19831,0.5026875521893857
19832,0.035598253502660625
19833,0.49076299403587775
19834,0.037400693110929396
19835,0.5833816741594605
19836,0.03347656654512638
19837,0.2679245471265264
19838,0.03442524950293535
19839,0.034449235103204176
19840,0.46056700335023204
19841,0.41377580691921423
19842,0.6583149518298161
19843,0.5133121421049407
19844,0.7807274305146604
19845,0.04012958959193224
19846,0.6561322755987387
19847,0.48769052514698846
19848,0.4934901674880051
19849,0.8228431662652248
19850,0.033480062924707905
19851,0.42487168317860324
19852,0.07320469906705479
19853,0.03562723715709672
19854,0.047895075736027984
19855,0.6071537573195054
19856,0.04045187054736141
19857,0.8856044595394105
19858,0.8502956574445347
19859,0.03415386420413017
19860,0.290502358341481
19861,0.047669482748860195
19862,0.06885753700104842
19863,0.6721645340756248
19864,0.04287033160339845
19865,0.39156384984892495
19866,0.31631842360258994
19867,0.37537276228814287
19868,0.033096029543890994
19869,0.03776517040876379
19870,0.08150304499181464
19871,0.03314061574553166
19872,0.3059685434152077
19873,0.4869402960112291
19874,0.18364797922020692
19875,0.032431624189381426
19876,0.0346044985106335
19877,0.29494206829903075
19878,0.032858974583574625
19879,0.6820535757116095
19880,0.8293972880108696
19881,0.03440324084272887
19882,0.8102758287844666
19883,0.7882409439811914
19884,0.25616132922961077
19885,0.9014694942847287
19886,0.03507161994412211
19887,0.035686187730764596
19888,0.8415968518495366
19889,0.6532770805720441
19890,0.5826175136016125
19891,0.040706335967908944
19892,0.7509869969074286
19893,0.03314343140138998
19894,0.7700783196838401
19895,0.05905422463427881
19896,0.74068378977838
19897,0.11406410330948458
19898,0.045207304199899837
19899,0.04083999183054496
19900,0.048944121258927185
19901,0.035461919747280614
19902,0.032189208265855945
19903,0.041259881519589967
19904,0.040531738285596426
19905,0.5544794206889737
19906,0.03131105941026191
19907,0.35394273313537705
19908,0.035993300672623345
19909,0.03223784681766454
19910,0.26340986382121684
19911,0.4034172054363687
19912,0.03957111952828764
19913,0.03240495467508776
19914,0.630859057805842
19915,0.41038590762127203
19916,0.7578942599315249
19917,0.9082636643970781
19918,0.294365211988156
19919,0.03709457595132452
19920,0.8627274466015007
19921,0.17791912288762673
19922,0.09938983072987098
19923,0.5267396649189067
19924,0.1751334776455581
19925,0.034273133913466154
19926,0.035334115222316484
19927,0.5271310179854245
19928,0.17936573720088167
19929,0.8540417507962199
19930,0.03463678752842293
19931,0.4783483062207068
19932,0.036444690071734225
19933,0.03786079198643229
19934,0.11920307486118838
19935,0.03486637539655009
19936,0.8427416417766822
19937,0.2339459133405064
19938,0.031791788157537484
19939,0.1836083012772899
19940,0.7525741267345444
19941,0.8660265250715029
19942,0.042572264310251365
19943,0.7276682738689436
19944,0.6110659059652744
19945,0.8382865616110233
19946,0.705310849474201
19947,0.4616956842957963
19948,0.04034111561001931
19949,0.8563166207033311
19950,0.831353371738943
19951,0.04065173487851133
19952,0.44447105954959826
19953,0.07857556723847238
19954,0.5903400941051333
19955,0.7704916104598774
19956,0.5325071409630047
19957,0.5715366920428993
19958,0.035759402603695305
19959,0.035979900509444794
19960,0.5621915983487923
19961,0.03266073287138291
19962,0.9214166655270934
19963,0.5752249310502202
19964,0.7736612082460645
19965,0.368106667808915
19966,0.24092429505563992
19967,0.04705744649347087
19968,0.03375120971616663
19969,0.06332699048843311
19970,0.08154169201270106
19971,0.3137894288824056
19972,0.04904393763712399
19973,0.04222830116543364
19974,0.30194674326983045
19975,0.8343547635426622
19976,0.03965875155015508
19977,0.12006787246842077
19978,0.15899164184764233
19979,0.03192546582133592
19980,0.03511526785706096
19981,0.7274807133315903
19982,0.0321318394938308
19983,0.0329391930982638
19984,0.5316448430572186
19985,0.2855368244258658
19986,0.8091036538829868
19987,0.34277075704462345
19988,0.764212546070455
19989,0.04692894077992963
19990,0.748616386569704
19991,0.03511546224375747
19992,0.4879729995396863
19993,0.5741378678908822
19994,0.034305198923510555
19995,0.041684639027415475
19996,0.04867156208382402
19997,0.40842326418217556
19998,0.8288967431098129
19999,0.7211193472725397
20000,0.03605182357984466
20001,0.0338436553021813
20002,0.8912209236320061
20003,0.034811672076889955
20004,0.049599500463484866
20005,0.843042152415503
20006,0.6465836641594155
20007,0.2334006899874249
20008,0.4214062079782527
20009,0.03264697519846838
20010,0.1630270132374677
20011,0.031128034692024086
20012,0.04152403822765722
20013,0.032293647038252694
20014,0.3550861271806005
20015,0.3033175974829665
20016,0.3805711470166982
20017,0.03744656478297843
20018,0.24740036585375724
20019,0.6953082050112446
20020,0.2758637192451474
20021,0.6237082886379586
20022,0.1286780844186323
20023,0.04882442815644604
20024,0.03453826419984394
20025,0.7323497298547872
20026,0.7120725046226568
20027,0.3817123985819292
20028,0.03343702303700524
20029,0.7007290860096529
20030,0.4937598407905036
20031,0.7595437588691896
20032,0.05711267870796102
20033,0.03339445274250446
20034,0.467291365558765
20035,0.7981530156966218
20036,0.09605950968504531
20037,0.0421508343952856
20038,0.48897021753526826
20039,0.22952614286750353
20040,0.2695561701916794
20041,0.782768076850228
20042,0.5070518473131074
20043,0.09500003649836067
20044,0.9184473706895826
20045,0.08246031373118257
20046,0.5575454315769195
20047,0.5864139091015919
20048,0.03294591600469425
20049,0.18548388481251304
20050,0.8296514743763821
20051,0.8821640586662451
20052,0.4679625554827411
20053,0.8249240837197144
20054,0.552176873189003
20055,0.032876819363968496
20056,0.03455075094644372
20057,0.8257819808533562
20058,0.04502407905827795
20059,0.03529334504980166
20060,0.33876228145151055
20061,0.5028490908683145
20062,0.05439343980689766
20063,0.16616702032804392
20064,0.710878369913615
20065,0.08788214713630396
20066,0.7489090250036862
20067,0.04566029503936732
20068,0.38034199284787035
20069,0.5110962139175734
20070,0.8824637768327073
20071,0.05171190614636002
20072,0.8563219341584347
20073,0.03177151645991118
20074,0.454080944717495
20075,0.5760461824251618
20076,0.7184622294364502
20077,0.04263207130342403
20078,0.035464980712364924
20079,0.861776214835694
20080,0.04138331303175605
20081,0.035799087970185134
20082,0.05609026629036276
20083,0.40643016062002063
20084,0.03632977439650255
20085,0.5144393520826709
20086,0.566319654746204
20087,0.04323296067022378
20088,0.03224174145302007
20089,0.6401783490762444
20090,0.04940123332757689
20091,0.16755037706060438
20092,0.8922072798222918
20093,0.03487173754907616
20094,0.0335100133123387
20095,0.05789842131911256
20096,0.856935514272963
20097,0.033138097976985664
20098,0.7710300987243801
20099,0.03207854825321827
20100,0.13031712452669877
20101,0.41238480930267
20102,0.034966897008096964
20103,0.03476834296218638
20104,0.1621958823904468
20105,0.037836229249029775
20106,0.04021220449295303
20107,0.038518125294751605
20108,0.049352651836644994
20109,0.3462530305567131
20110,0.045025221783376694
20111,0.6668220231844914
20112,0.8751089435883993
20113,0.0553373495626044
20114,0.033093122474464144
20115,0.6895235028852207
20116,0.8570513086692992
20117,0.824926328068133
20118,0.2865746290725708
20119,0.42326455751690695
20120,0.47076484116778705
20121,0.8932436864755315
20122,0.03788982311779297
20123,0.0344779763597766
20124,0.7455600419288009
20125,0.3590382063019345
20126,0.03547380758859521
20127,0.3924858095029864
20128,0.44071301527011153
20129,0.6343383967277042
20130,0.5774339704897561
20131,0.28601246986836965
20132,0.036720600955868564
20133,0.032715135580932496
20134,0.11441973874626893
20135,0.6280495247220467
20136,0.9061712227766592
20137,0.03405304092755289
20138,0.033575929624944184
20139,0.04606382727230625
20140,0.05591001917447567
20141,0.4406874945280562
20142,0.44145880664237
20143,0.9034701146867197
20144,0.389315622248537
20145,0.32367607308232904
20146,0.06964432785112198
20147,0.3735856097107584
20148,0.1033042562696422
20149,0.46344448916585324
20150,0.06360050252333535
20151,0.06207302600762504
20152,0.8085123208641731
20153,0.828330975393724
20154,0.07708865293992952
20155,0.03336526117922005
20156,0.827406905447223
20157,0.5418038647106272
20158,0.32866568882389924
20159,0.4080045939812722
20160,0.44766692528803753
20161,0.03293730372998342
20162,0.7633509160061163
20163,0.03734182166489685
20164,0.813027926671767
20165,0.8950310134828756
20166,0.04707694677973433
20167,0.6988833789160365
20168,0.043329994848242875
20169,0.6933368473943067
20170,0.4285482524183279
20171,0.7610419019660098
20172,0.48618219607373947
20173,0.39004118320596326
20174,0.05688917013222308
20175,0.034782058669106414
20176,0.03259821209793425
20177,0.5541438425490137
20178,0.8807657010796355
20179,0.035652621268975566
20180,0.032411411043408764
20181,0.03739530474095613
20182,0.035268988261990986
20183,0.7797550070951669
20184,0.5520747523628734
20185,0.3664885941731826
20186,0.03544992570834409
20187,0.1586481150828348
20188,0.12174953457613344
20189,0.849536184373844
20190,0.7210644959709864
20191,0.2161895837394091
20192,0.0927114524155464
20193,0.22002265388806397
20194,0.032435937097044586
20195,0.8957917643915112
20196,0.04849021802562556
20197,0.0454037594801384
20198,0.03840018146556771
20199,0.3139500488155235
20200,0.4029041639900587
20201,0.6428595198897951
20202,0.0341485962919189
20203,0.6279522165343608
20204,0.7212068819116573
20205,0.40120885006168167
20206,0.03485664413705561
20207,0.03422784605951314
20208,0.6356300879707075
20209,0.7871664694106947
20210,0.6369417007623781
20211,0.8478185345680858
20212,0.6409256603529407
20213,0.3715458690303376
20214,0.03884659032559992
20215,0.6675459480497861
20216,0.7169709996927973
20217,0.03873457557605494
20218,0.627487722553058
20219,0.18934543622581002
20220,0.8251984852005854
20221,0.25653678276897424
20222,0.8100774665676884
20223,0.047535778606644485
20224,0.6743578997645415
20225,0.04205563117050928
20226,0.6537000788483651
20227,0.042529894152128406
20228,0.03509400128427333
20229,0.03529805611583725
20230,0.6934508527526113
20231,0.28627884415799276
20232,0.4865782189607104
20233,0.04057334151625042
20234,0.11324808473740341
20235,0.03550176117106361
20236,0.03870004283392125
20237,0.6273727750577685
20238,0.8409129150047391
20239,0.8929374334475642
20240,0.7282551651440692
20241,0.0340773962258442
20242,0.03252389957909153
20243,0.038627587283343964
20244,0.8532972689376606
20245,0.1911818665833791
20246,0.04583443835606908
20247,0.6656892366036469
20248,0.04067564626809665
20249,0.03884382021788748
20250,0.7766683924699145
20251,0.033251475426821275
20252,0.8734668132994329
20253,0.7633821085000145
20254,0.7898694951765433
20255,0.12742111470223386
20256,0.4003218671761608
20257,0.8137302429331719
20258,0.8731028179951728
20259,0.6060444197702675
20260,0.5042540754993616
20261,0.738341281464699
20262,0.0673616387454363
20263,0.042124465175486424
20264,0.15989524142559922
20265,0.04441138008754415
20266,0.03162294273950122
20267,0.03365234993295261
20268,0.6753942808012918
20269,0.8775488045674744
20270,0.03625529810335405
20271,0.8714906995800085
20272,0.8225662311464502
20273,0.04128027530316633
20274,0.8290479803394439
20275,0.03835128967907764
20276,0.3119510336079591
20277,0.7260343783650401
20278,0.035027147734786344
20279,0.37439070188967916
20280,0.7748062273655503
20281,0.6151922600531502
20282,0.034658163707427844
20283,0.05971281665805101
20284,0.04304380644988469
20285,0.03861558512621106
20286,0.5341445606145032
20287,0.4656929571165516
20288,0.06340200245592939
20289,0.21937663944709884
20290,0.2944524098301332
20291,0.6265049431436259
20292,0.3274973152272683
20293,0.8078126016762353
20294,0.03739308839956061
20295,0.05770908339609651
20296,0.7628390200065931
20297,0.8462707401180545
20298,0.8593708447199762
20299,0.06002265823294271
20300,0.4440020855877171
20301,0.0354883531772337
20302,0.04169381579676415
20303,0.26770365396177975
20304,0.8306548361404457
20305,0.048123561873194734
20306,0.04228651577711871
20307,0.4802177047338727
20308,0.7324545314755514
20309,0.0399142643362805
20310,0.8890897053606875
20311,0.044761856823123135
20312,0.5185360284433619
20313,0.383629693953852
20314,0.6121207420196784
20315,0.5769021523993453
20316,0.9045716566736925
20317,0.5888508139679516
20318,0.41835032464945004
20319,0.4783141199302563
20320,0.0363693618847332
20321,0.7407230058873043
20322,0.7450716367387429
20323,0.05370118800260704
20324,0.8413776664879709
20325,0.8655994779228182
20326,0.04922140766592417
20327,0.4214988821976779
20328,0.061553042318758244
20329,0.8468382300087511
20330,0.4881581209997279
20331,0.7232398936406679
20332,0.05268329182037387
20333,0.04924749691843053
20334,0.8455486744269913
20335,0.6942150233917993
20336,0.29200333592587235
20337,0.03345128084128616
20338,0.32147568842236846
20339,0.6369939277011621
20340,0.41476762096598296
20341,0.863317375369069
20342,0.7340086353961163
20343,0.0363913316481318
20344,0.6092094734643011
20345,0.0398660258942181
20346,0.7295849969102681
20347,0.06691196852786689
20348,0.7835420687327762
20349,0.802907010246756
20350,0.46052486683795774
20351,0.8349598435246252
20352,0.6743791547659697
20353,0.03256383156371
20354,0.3552689728778491
20355,0.8863263641542849
20356,0.04199334970316803
20357,0.03335456742492321
20358,0.2953910100392703
20359,0.03265123307993664
20360,0.031225024351658567
20361,0.1446093825357743
20362,0.5234252281223659
20363,0.04729922096394866
20364,0.06865940007052233
20365,0.6921769621959077
20366,0.34521191245550037
20367,0.03287913132614115
20368,0.05806731616208753
20369,0.4371429662173941
20370,0.6120303337600209
20371,0.8970529840373868
20372,0.05653444279428767
20373,0.22925314637632507
20374,0.7775273685710434
20375,0.9013692580706236
20376,0.035144272075885115
20377,0.35271653050870927
20378,0.8866168922191511
20379,0.7838049814766226
20380,0.5414085254424728
20381,0.15757057123040294
20382,0.033839288033421865
20383,0.7269529780315984
20384,0.045222253213397234
20385,0.03515640635277195
20386,0.8290411612658685
20387,0.4998651597294974
20388,0.03177932384516956
20389,0.04175119894920698
20390,0.040088657194265215
20391,0.8633822600434176
20392,0.8958796942180278
20393,0.11335525004001679
20394,0.7845941724441853
20395,0.7884229688498117
20396,0.8044444212480475
20397,0.04066393815500502
20398,0.04142043475621582
20399,0.5387995582022918
20400,0.8081595987526599
20401,0.03220865744090204
20402,0.03282796611318347
20403,0.034747650714495884
20404,0.06947995258525515
20405,0.042030181192190125
20406,0.14176540778277222
20407,0.11182938797099908
20408,0.0366218744390061
20409,0.10393736117751272
20410,0.8726210918454687
20411,0.3624378047169572
20412,0.7744497771654091
20413,0.641210673516958
20414,0.03278330927126841
20415,0.8508234009220674
20416,0.046527921243986456
20417,0.15848951261314675
20418,0.035436230389174046
20419,0.22921824290588744
20420,0.7713604031953105
20421,0.7387073357241039
20422,0.03375465003238655
20423,0.1240312780768753
20424,0.5253372367651143
20425,0.7273675146171892
20426,0.5873763558696052
20427,0.03697493712961278
20428,0.2997967905656438
20429,0.7944670980297261
20430,0.14709863976741142
20431,0.737462142890375
20432,0.24884750372372555
20433,0.382014573229849
20434,0.2807496049945773
20435,0.046846329939435924
20436,0.47250307446747203
20437,0.07522803991112524
20438,0.035354492883491476
20439,0.3254090157187029
20440,0.03202691620139209
20441,0.04165693272431836
20442,0.25958449209305245
20443,0.5901080997104643
20444,0.036332257652661286
20445,0.23508148322415154
20446,0.6928909693987783
20447,0.03178082459462914
20448,0.6903480925914183
20449,0.48804746630953155
20450,0.5241124028652333
20451,0.0321196460987138
20452,0.03164438376741293
20453,0.4428002840496541
20454,0.05758014555479536
20455,0.28985191770362867
20456,0.136674795011038
20457,0.21968206480204072
20458,0.5099630174713257
20459,0.9037907559148431
20460,0.3379245102901579
20461,0.08031154728897086
20462,0.05052310162087127
20463,0.45237160422618755
20464,0.2658259625089606
20465,0.8390970072886219
20466,0.6669994326322608
20467,0.058864771262327316
20468,0.048661236563040944
20469,0.03362640176407369
20470,0.5453394929561941
20471,0.03374289384765072
20472,0.30647546663929776
20473,0.07153257565549884
20474,0.34838170933005075
20475,0.3169185089838237
20476,0.8487827604652463
20477,0.7722957040651
20478,0.3685934811111266
20479,0.8511868420724208
20480,0.03505332670266019
20481,0.8039810016172033
20482,0.04451965055052935
20483,0.15995130430249643
20484,0.7523224384895916
20485,0.04181756966657202
20486,0.7953907165628118
20487,0.04281858304928052
20488,0.8209176914733342
20489,0.8729879193606161
20490,0.06094926556798804
20491,0.24686924829235646
20492,0.8264774425416537
20493,0.5165599483393524
20494,0.19787818852555683
20495,0.03554443247830662
20496,0.07144615325697741
20497,0.7096576903257559
20498,0.8383109715097996
20499,0.6437802474290869
20500,0.8083207535057553
20501,0.2131428861279098
20502,0.03719679604053602
20503,0.1808582066894206
20504,0.5909666932471346
20505,0.03317453629019066
20506,0.7965759503638907
20507,0.3977701703782735
20508,0.24896741644949216
20509,0.03384689168780721
20510,0.058105109132276636
20511,0.797225464895821
20512,0.7682395806085283
20513,0.8821333538386673
20514,0.040341976132761595
20515,0.8995739234248457
20516,0.5093037963594157
20517,0.18831009214181782
20518,0.5083497429548222
20519,0.03432183046063317
20520,0.5408558865313057
20521,0.053402493555099115
20522,0.7871551085513747
20523,0.06411111293261568
20524,0.041559814971979976
20525,0.03666295557875363
20526,0.7136060761617867
20527,0.04626883966236085
20528,0.8795956588648922
20529,0.04085021343041693
20530,0.40534851308469744
20531,0.0336450956482989
20532,0.7516012692911751
20533,0.03434442265512205
20534,0.033569924233494496
20535,0.6376694820927007
20536,0.050684250663480396
20537,0.7839318516502765
20538,0.3687600133232305
20539,0.03264493293424987
20540,0.22913017715297823
20541,0.16823375533221913
20542,0.8904083234247202
20543,0.03424524263551619
20544,0.40853318512794834
20545,0.5551026656925752
20546,0.23588941133748698
20547,0.5853085298039062
20548,0.03144803845958231
20549,0.8774056015766687
20550,0.057923540988675276
20551,0.5080199259462582
20552,0.5481286680617565
20553,0.10126365808938305
20554,0.046923046155150694
20555,0.17631081928043973
20556,0.6560101309209934
20557,0.034119763370177775
20558,0.04801874902423523
20559,0.06299694720725973
20560,0.5228502946328346
20561,0.8170351419708317
20562,0.7021185094087139
20563,0.779924266405043
20564,0.033720378490218986
20565,0.03591904280985637
20566,0.031984785835286945
20567,0.031226912523188523
20568,0.03222179182802059
20569,0.2754933291262166
20570,0.6077521835297124
20571,0.037483996170709515
20572,0.1203808476035723
20573,0.04513954848570535
20574,0.6797995101900648
20575,0.21549169488702385
20576,0.6973004575955744
20577,0.04383505575604821
20578,0.4674708411964867
20579,0.03276744616239322
20580,0.03456398972412946
20581,0.08713959220225322
20582,0.5954210382564014
20583,0.03220001142707884
20584,0.694891097905169
20585,0.18488779793820614
20586,0.7047385494205821
20587,0.14050555761711586
20588,0.34457751047066565
20589,0.8329637121037948
20590,0.546988932160042
20591,0.04801896854786457
20592,0.6948393516404825
20593,0.4923654476108777
20594,0.8135842316539605
20595,0.052862752948908354
20596,0.03380109340839455
20597,0.3015637402126623
20598,0.03125106465022149
20599,0.038636342445558844
20600,0.7113197484780875
20601,0.04874348506126229
20602,0.29038775464812816
20603,0.038947047663224335
20604,0.1033737596351217
20605,0.05658300178568556
20606,0.4361593139652279
20607,0.3280659598930269
20608,0.22311876393514002
20609,0.7748901944106454
20610,0.03753683469365627
20611,0.8909983984120217
20612,0.7346895252742653
20613,0.5748316417988054
20614,0.03458023594533339
20615,0.3769000902261891
20616,0.046610144142318344
20617,0.047460438812129135
20618,0.03761939176523009
20619,0.03360106809240982
20620,0.4886952764092214
20621,0.03957438728623633
20622,0.03365956053901697
20623,0.052131999552211206
20624,0.05356436163257699
20625,0.034631893755641685
20626,0.7635701710626321
20627,0.043265582901944044
20628,0.24341929081716301
20629,0.27274995124508494
20630,0.7639554579348791
20631,0.49147673733213754
20632,0.04048734083141482
20633,0.04018948500962917
20634,0.7758248702383019
20635,0.03127125184156709
20636,0.6913164464298163
20637,0.03521654258181902
20638,0.03429541377249708
20639,0.8553241073401698
20640,0.03894572868844698
20641,0.3404899764535093
20642,0.03555801870393243
20643,0.03893873536085405
20644,0.5237146116145965
20645,0.0463691327875374
20646,0.034026876184104084
20647,0.04173718988251106
20648,0.8457445846451398
20649,0.7251528313277779
20650,0.05037733026277762
20651,0.8070694158072109
20652,0.03504948516181016
20653,0.058089519003598
20654,0.8656216269531514
20655,0.8572139346884179
20656,0.8349224477860122
20657,0.8985765100144336
20658,0.755688557983532
20659,0.14586549320978612
20660,0.06185451258552139
20661,0.04964143555472037
20662,0.05171349306047314
20663,0.042597638093440304
20664,0.7502564802908762
20665,0.35417747375781367
20666,0.7291937065068596
20667,0.31428786380725704
20668,0.8575678211823917
20669,0.6692578520638444
20670,0.04406907508616231
20671,0.04394079260339692
20672,0.03480607186117653
20673,0.7334638928261423
20674,0.8092118481689262
20675,0.4781042469921206
20676,0.5395688917267161
20677,0.07071416329698273
20678,0.7833862674971992
20679,0.7120602130375613
20680,0.3960044003532788
20681,0.9035924899603947
20682,0.5858869900589643
20683,0.03540144822064702
20684,0.8181497494352584
20685,0.03159611564912483
20686,0.031702182276901664
20687,0.731123582330777
20688,0.033640575862514885
20689,0.5218284173014547
20690,0.44156080854289315
20691,0.05386281169505437
20692,0.7499477607054832
20693,0.037415467951186686
20694,0.034889905373253226
20695,0.043928388851487504
20696,0.036600611108391634
20697,0.44412612331059315
20698,0.8804113191792108
20699,0.3073434928692099
20700,0.8932565271339241
20701,0.40224980102831986
20702,0.14565025788774616
20703,0.7601902844155247
20704,0.5161094707002505
20705,0.7291971036486955
20706,0.5366851988394743
20707,0.23121591881131923
20708,0.7847316613792287
20709,0.6591204661545083
20710,0.8209773490744798
20711,0.04002622326515913
20712,0.8465005371000675
20713,0.1723714925511175
20714,0.03457280714989228
20715,0.37780637419913154
20716,0.28083597800911675
20717,0.46468826927738965
20718,0.6187294293687863
20719,0.29491644663541233
20720,0.03360000118212219
20721,0.04421706307675813
20722,0.03537656008411374
20723,0.03540478235173654
20724,0.0388103132196112
20725,0.8596103856635336
20726,0.03740904066503676
20727,0.800705932017281
20728,0.8148717613435638
20729,0.847653812063867
20730,0.037452891851303544
20731,0.21725161487181816
20732,0.8181077307858083
20733,0.7114911439711811
20734,0.03428246861256444
20735,0.03708363750606221
20736,0.7733268080667457
20737,0.0387154745102047
20738,0.032984591032241335
20739,0.04232025992040196
20740,0.03799763154682813
20741,0.5548573025508523
20742,0.03730935502077691
20743,0.8257328091887064
20744,0.06432102806991914
20745,0.14135202188017967
20746,0.033988968823790836
20747,0.22560076297038092
20748,0.8246707567594513
20749,0.8987441887158598
20750,0.6205701295644055
20751,0.04354148255794638
20752,0.4714460264801453
20753,0.058857115899910446
20754,0.2106824703216378
20755,0.6990733874677572
20756,0.037023433374953965
20757,0.03409998513376148
20758,0.34271964664079124
20759,0.8427600980754557
20760,0.06878337070146749
20761,0.8810170081221999
20762,0.8633440593320445
20763,0.6779247363808245
20764,0.04254619762486831
20765,0.8475322281437371
20766,0.04120529486691073
20767,0.8355590479561014
20768,0.03236405653178076
20769,0.7463642514248471
20770,0.050451725758703186
20771,0.03670128808288591
20772,0.03492835473777522
20773,0.4637265126939434
20774,0.4023970161083641
20775,0.39619498808057085
20776,0.044392793216698714
20777,0.8244220233332583
20778,0.03943995477714317
20779,0.04028568895310055
20780,0.051529194653402985
20781,0.6165982068755491
20782,0.6314457721603943
20783,0.03320870643817095
20784,0.505149370774289
20785,0.6544961782149696
20786,0.042668553110781465
20787,0.0321606302653176
20788,0.8111739060992094
20789,0.04490141628457641
20790,0.03115400866210357
20791,0.03175526743337358
20792,0.03397803348081001
20793,0.11225171346207169
20794,0.8321881550418186
20795,0.8908861603730064
20796,0.4651315102986412
20797,0.6544865775388002
20798,0.043883665538383854
20799,0.34198787628225624
20800,0.8280113854649238
20801,0.765690846699193
20802,0.11813750115575875
20803,0.5509152471358201
20804,0.05621770075817004
20805,0.2458483257221341
20806,0.14572532492742357
20807,0.14001655312076863
20808,0.7061569231059406
20809,0.7043818928908443
20810,0.03809408673024835
20811,0.7365462227673545
20812,0.7352863567653385
20813,0.8275097408419838
20814,0.7864843756534083
20815,0.03343065579316881
20816,0.4137908339851447
20817,0.0349823599050986
20818,0.0661040560841036
20819,0.8380731467397211
20820,0.7274290290266949
20821,0.037491712669487434
20822,0.8842597488945897
20823,0.031539072555039904
20824,0.060659367024802936
20825,0.034449864540452665
20826,0.0470521365691159
20827,0.5937472311221585
20828,0.5635139815727205
20829,0.0359116918084723
20830,0.034378542697917694
20831,0.8308207027673128
20832,0.036571890962079474
20833,0.047667333661915244
20834,0.813001967411212
20835,0.6523343833825066
20836,0.040672912834659465
20837,0.04244448030284412
20838,0.0396030707425367
20839,0.771019038573238
20840,0.31994548290111646
20841,0.5733310489725612
20842,0.9143747007485103
20843,0.03120625797981283
20844,0.031291955118792514
20845,0.8387935175910995
20846,0.7560555175781722
20847,0.03687762478436348
20848,0.20982458560948264
20849,0.039761673782478926
20850,0.038189822454606545
20851,0.7006567473343365
20852,0.03526308199181485
20853,0.04712894441641556
20854,0.033801997333365974
20855,0.886587097431622
20856,0.38450792233589526
20857,0.035851419056726314
20858,0.9138539757053574
20859,0.1053422255696908
20860,0.045020978116452004
20861,0.5977737671590891
20862,0.8229444055464563
20863,0.16923697108940886
20864,0.909209021381052
20865,0.0345482137097463
20866,0.6560318669019065
20867,0.8239645709915768
20868,0.8480102287792001
20869,0.0314194993055971
20870,0.031948183953928184
20871,0.09198980206789016
20872,0.284392814430216
20873,0.9011678186671658
20874,0.14364963156180893
20875,0.16495533613254434
20876,0.03549317354590443
20877,0.4317658635284254
20878,0.07307397983264932
20879,0.3554637855956745
20880,0.04077376198059518
20881,0.7101722483023898
20882,0.4589439236723408
20883,0.7985045999096176
20884,0.03392825324156406
20885,0.032872717774799665
20886,0.035184941177153345
20887,0.03217694782438111
20888,0.031505764679533116
20889,0.032237647065994184
20890,0.036377470505466615
20891,0.8115440422404854
20892,0.03632783044526388
20893,0.8345238633365835
20894,0.03491660054596408
20895,0.23927032574234536
20896,0.17511442717638936
20897,0.6582923045352289
20898,0.26644585707830043
20899,0.04332610495544003
20900,0.04470345894774325
20901,0.051212646303650106
20902,0.17323128099691884
20903,0.5336019613995634
20904,0.03690553763318651
20905,0.06909779219818918
20906,0.7020593207176173
20907,0.5442224910249809
20908,0.032600225393905446
20909,0.14615774029550965
20910,0.0316791721149719
20911,0.7610524006556598
20912,0.03843334552138194
20913,0.05768954493761958
20914,0.8886181356505294
20915,0.03443844857344363
20916,0.4882488483373978
20917,0.037487899311986345
20918,0.03429848366507328
20919,0.050805842668036894
20920,0.032737738064074914
20921,0.0322615358664988
20922,0.7504741926517201
20923,0.2028484076113234
20924,0.03287993191420845
20925,0.664569722520362
20926,0.7574333288258341
20927,0.3523747163320817
20928,0.6859918964911169
20929,0.0413360654794
20930,0.039380614895700536
20931,0.07800176079791186
20932,0.7825590595297355
20933,0.03226729173315061
20934,0.13873255159383302
20935,0.6710832529064625
20936,0.7351572972436546
20937,0.6239849310100238
20938,0.6512920435780754
20939,0.039575074103474085
20940,0.8955143148293231
20941,0.34098753203519166
20942,0.8559989576479524
20943,0.36342598594723874
20944,0.03450369479364301
20945,0.10314352446462202
20946,0.036653810539039336
20947,0.036886623373289434
20948,0.03634899348348993
20949,0.039041357953181095
20950,0.8938831386111158
20951,0.6625761563861304
20952,0.1512813657143669
20953,0.03198524843223024
20954,0.36695357890839897
20955,0.3629273254868954
20956,0.035070879261478574
20957,0.034685428213695434
20958,0.817028445322422
20959,0.8644409529476726
20960,0.03281462618160299
20961,0.4216715867478402
20962,0.32624040557040535
20963,0.04232176135453553
20964,0.8051779683595279
20965,0.692823689217674
20966,0.861228105139392
20967,0.11512664105091791
20968,0.03978745513306155
20969,0.03294394925247698
20970,0.7184898082961483
20971,0.0441429595929628
20972,0.8563295631990411
20973,0.04287899727219128
20974,0.45570926101093356
20975,0.7428665749652124
20976,0.277242574305596
20977,0.2571525191677474
20978,0.7283514556172432
20979,0.8008318315438192
20980,0.6374912706188485
20981,0.7295396147577692
20982,0.4890481799244659
20983,0.03934034607119013
20984,0.8601036942407219
20985,0.37565385572773
20986,0.1076415412943498
20987,0.05055102895070783
20988,0.6441998360727725
20989,0.047606888640773365
20990,0.822761953365692
20991,0.6670851615870379
20992,0.03285040984227397
20993,0.032377550714184064
20994,0.4945434888240847
20995,0.1886294344056454
20996,0.03408866050844609
20997,0.03318959010783532
20998,0.43262221225612973
20999,0.8398893478480496
21000,0.4864247157849054
21001,0.04483313704077051
21002,0.8021712671299392
21003,0.8309825671111266
21004,0.07061819909939186
21005,0.038873240968185056
21006,0.7917888827789467
21007,0.08804635512829417
21008,0.033068061777936676
21009,0.03499991444172463
21010,0.8712275185470747
21011,0.036714512239901846
21012,0.49172661426052305
21013,0.04774148995105279
21014,0.4575255375371142
21015,0.037664111028894026
21016,0.8915396403777356
21017,0.7826710136058077
21018,0.04335075234190619
21019,0.1766603955852363
21020,0.3152371689705034
21021,0.03252169481685523
21022,0.033851225955505736
21023,0.07504027230122874
21024,0.08921189139300278
21025,0.035140044531462016
21026,0.0313765127916995
21027,0.03862734146519911
21028,0.35452229863280427
21029,0.06333578302424485
21030,0.035575789448295654
21031,0.04979275254371009
21032,0.03380244820429154
21033,0.3101510953451515
21034,0.8842275433895315
21035,0.03520392737397965
21036,0.07541229173572042
21037,0.9094061335798447
21038,0.7732849774512294
21039,0.7021724605798356
21040,0.8089236003827537
21041,0.03269444295319177
21042,0.049969880956394847
21043,0.031901220975148636
21044,0.03405157074846697
21045,0.3265972958362818
21046,0.5721237212519674
21047,0.13007438473521113
21048,0.8180627290060902
21049,0.8683862884365342
21050,0.1889191085483395
21051,0.041850683890714925
21052,0.33146623794441443
21053,0.033162320368939
21054,0.5312166727640654
21055,0.1478384033130227
21056,0.10941617271332776
21057,0.8202901784526349
21058,0.7242240531398911
21059,0.8798013050497261
21060,0.042360167036634845
21061,0.552737414977255
21062,0.8826773152903225
21063,0.6396517207367249
21064,0.25014651255156667
21065,0.7657137185711488
21066,0.8407879503338386
21067,0.03316242054824945
21068,0.046657551690650584
21069,0.3603460999604845
21070,0.279903338163689
21071,0.6156785440790907
21072,0.03266908466638511
21073,0.03411056601057375
21074,0.4118090874505517
21075,0.04142878545958199
21076,0.34790161147116616
21077,0.43387173991218364
21078,0.890727539514115
21079,0.35776570934879676
21080,0.2834984331382917
21081,0.8143803370340399
21082,0.4716094473343896
21083,0.05905596212316276
21084,0.03217034680301998
21085,0.8037376799275022
21086,0.033331864528064456
21087,0.06770634652312939
21088,0.043369662686733174
21089,0.03819315883487518
21090,0.8689908312133967
21091,0.6402463650549368
21092,0.6591862989932724
21093,0.04224856445881307
21094,0.8683261106654221
21095,0.8471853247806034
21096,0.04101922924230535
21097,0.032450293148297234
21098,0.2031270513783554
21099,0.6214027206165122
21100,0.8306807683708224
21101,0.25968519051146016
21102,0.8892797886577147
21103,0.8828138147298861
21104,0.03946920946363509
21105,0.03754321847482018
21106,0.3450213776266021
21107,0.03594713465554492
21108,0.039312204513906115
21109,0.18679383959547846
21110,0.03331969185393506
21111,0.2862884542957245
21112,0.1039299168762603
21113,0.6263984014728463
21114,0.15212081181826922
21115,0.5214068459234645
21116,0.8850373565417698
21117,0.49606489506291046
21118,0.04708145341075349
21119,0.031710229814499516
21120,0.5817881058705557
21121,0.04204517500422939
21122,0.7428749586274749
21123,0.03913593639425024
21124,0.7597045051587057
21125,0.05062128881104997
21126,0.060627110700842576
21127,0.05094310258275382
21128,0.6792783236760144
21129,0.8448804586750271
21130,0.033297268012055806
21131,0.17179262779550167
21132,0.04141205750809762
21133,0.03435026981068693
21134,0.3629697432927882
21135,0.5016307542326423
21136,0.5250969399614926
21137,0.32035633631831095
21138,0.4983685197642616
21139,0.04461213400866125
21140,0.8016493261626094
21141,0.8764886079849346
21142,0.17953495553157606
21143,0.6468949514873249
21144,0.14371815962774986
21145,0.034698574398238625
21146,0.8732668884689596
21147,0.050638149244371974
21148,0.04303774210555228
21149,0.8165706314780918
21150,0.03761120548066532
21151,0.7251581224436405
21152,0.6035846279533829
21153,0.55482223586276
21154,0.8820897225937778
21155,0.4385505087605386
21156,0.032863003063848116
21157,0.8500322283482594
21158,0.7756915914318596
21159,0.8597728956114379
21160,0.0402269934607193
21161,0.035163169242887184
21162,0.05662547985293849
21163,0.05285976905235549
21164,0.6036082824604817
21165,0.0657311854026903
21166,0.03182486286108345
21167,0.772096962559659
21168,0.065115586922374
21169,0.1879683088630553
21170,0.06165533365883806
21171,0.03362155179583876
21172,0.16415739665950196
21173,0.6949471906838045
21174,0.031739380457328964
21175,0.822056096567829
21176,0.039473612849434285
21177,0.03563396080406834
21178,0.7954930809753111
21179,0.03522683927510036
21180,0.3592584408623589
21181,0.711577407461321
21182,0.8243565527377543
21183,0.8722400263204306
21184,0.5243037815325423
21185,0.865957197531606
21186,0.03150655305614658
21187,0.1660057494967418
21188,0.04488205508838223
21189,0.5355014651891478
21190,0.6598738087870095
21191,0.037836038846561795
21192,0.8286716962190843
21193,0.6493073325298442
21194,0.03315703103685025
21195,0.37239279570128436
21196,0.03229421771619253
21197,0.5319669741721522
21198,0.037833431717184604
21199,0.042480419261079164
21200,0.037596068603310315
21201,0.4808794997784116
21202,0.3396087474452858
21203,0.5020157803528428
21204,0.7630190452298875
21205,0.260025671462175
21206,0.24807041593869272
21207,0.039533375097198495
21208,0.20734816648062526
21209,0.039020885559119436
21210,0.3492333780159949
21211,0.5636816090190323
21212,0.039790503992177303
21213,0.03535084429185967
21214,0.4337682748638248
21215,0.7826241392243658
21216,0.2388792960741975
21217,0.9048054724641277
21218,0.03467413589071554
21219,0.18754550729617303
21220,0.7906009593592065
21221,0.15980658580647966
21222,0.2732389960367276
21223,0.7920224039169284
21224,0.8405832556355772
21225,0.03445451200756077
21226,0.8502329749176636
21227,0.2790847250110514
21228,0.053092910951349895
21229,0.9204752847150255
21230,0.33719864304217867
21231,0.06230611114766896
21232,0.7458969450184767
21233,0.5243817829183222
21234,0.5244651369864293
21235,0.5189548514202933
21236,0.7936595908013115
21237,0.033801819006871306
21238,0.8808606465949079
21239,0.5443496456812741
21240,0.3215335109335794
21241,0.5058050178179498
21242,0.6363424879653903
21243,0.6598365873410703
21244,0.7780483650756949
21245,0.11096840123195206
21246,0.10736947207791583
21247,0.03368153416434464
21248,0.26486325015544077
21249,0.5907117236850377
21250,0.036916570960486374
21251,0.8715742434646039
21252,0.795515331763958
21253,0.032140274831566895
21254,0.736307849568482
21255,0.7589165310361395
21256,0.6400072345388806
21257,0.06523559366205964
21258,0.15796286334193002
21259,0.46270065634871377
21260,0.39464236207871684
21261,0.6956267003476577
21262,0.529564781264938
21263,0.04101254066405072
21264,0.0330347008652349
21265,0.6205808599344262
21266,0.33390211921734936
21267,0.868895639608782
21268,0.036768506320097
21269,0.6638642282056386
21270,0.03964700788214916
21271,0.25633920167706015
21272,0.05049429811030544
21273,0.8945287040784093
21274,0.03713824784116926
21275,0.8572359525982082
21276,0.03545943575918709
21277,0.38236164372298315
21278,0.17533072972256167
21279,0.6720103080710429
21280,0.038236017338973007
21281,0.8786217069920857
21282,0.09014443220582755
21283,0.5118783879098768
21284,0.031896790374836344
21285,0.03151251989878642
21286,0.032660546628693936
21287,0.035418212670384454
21288,0.7552167282252609
21289,0.3416609210799233
21290,0.03246717296374508
21291,0.4317411122319152
21292,0.28662592048531277
21293,0.031170385276695443
21294,0.040289807087823544
21295,0.21447661695483156
21296,0.060560355710388356
21297,0.03631179882505118
21298,0.03177669011474947
21299,0.05177377650529104
21300,0.3934489074073969
21301,0.03105578257874344
21302,0.5432009943855228
21303,0.6820695347446472
21304,0.12457936363736569
21305,0.12183038509795113
21306,0.04102179041793097
21307,0.032205218456464006
21308,0.8282454959279698
21309,0.03462277886944437
21310,0.871415164901185
21311,0.042427096459942755
21312,0.036266353548519634
21313,0.8093743615945386
21314,0.03639525643557688
21315,0.03169400974205418
21316,0.6303632609061197
21317,0.041468401891302915
21318,0.7806426686796245
21319,0.1188666166301419
21320,0.2858328233815834
21321,0.03671660346028858
21322,0.04056542997219308
21323,0.03831884704701272
21324,0.8247767112828497
21325,0.22082238637197515
21326,0.2814168417839466
21327,0.8661230669878373
21328,0.034845696616936504
21329,0.055024902463690184
21330,0.03618153899932279
21331,0.03944420064675981
21332,0.03344849595539782
21333,0.723439459072989
21334,0.03838900349688485
21335,0.4558052364165521
21336,0.0334564362866136
21337,0.5233131184945989
21338,0.04861986061360023
21339,0.05894825556185041
21340,0.4122914246544246
21341,0.7487643222669876
21342,0.03690612510595928
21343,0.6972014954230012
21344,0.8470312512665288
21345,0.04704921492384139
21346,0.03348650790872275
21347,0.1198004243205042
21348,0.045446542503591106
21349,0.8421650688039342
21350,0.7304185920066446
21351,0.05876368304280069
21352,0.5245954091490814
21353,0.423435521427741
21354,0.03616101661614907
21355,0.49916754390925844
21356,0.6615883212713296
21357,0.039165453626251075
21358,0.88526190176349
21359,0.5304061264093749
21360,0.03111639737671608
21361,0.03412080283928656
21362,0.5330614102623079
21363,0.6048092148840201
21364,0.6053606593747056
21365,0.48077537505165246
21366,0.03451124434408256
21367,0.37751025298285595
21368,0.34314692794836754
21369,0.5289845241175373
21370,0.03331658334654462
21371,0.5978920056211927
21372,0.7873023448559683
21373,0.034208317900910876
21374,0.04215971131826317
21375,0.5769685899550979
21376,0.0365458930055408
21377,0.0364220056731156
21378,0.6349619738182999
21379,0.48922205236591215
21380,0.387382358652557
21381,0.8694139421457233
21382,0.6474685291178863
21383,0.4017768934247163
21384,0.03740466943647097
21385,0.35953791804565294
21386,0.06296108556872934
21387,0.035940214771288684
21388,0.7105785781237995
21389,0.7594007590738738
21390,0.5264181054662547
21391,0.0897098348275544
21392,0.032616193800197875
21393,0.6418398613506529
21394,0.03328177964228676
21395,0.03242137532478699
21396,0.031325687636652624
21397,0.8759147219994523
21398,0.032429862036806686
21399,0.05822043878882633
21400,0.031959849794397914
21401,0.6420228364043316
21402,0.889720345919436
21403,0.33445335649221075
21404,0.840263398267843
21405,0.29488132674600964
21406,0.04892407571433795
21407,0.03713770460992575
21408,0.7100272881951017
21409,0.04217846198770539
21410,0.7372542505524822
21411,0.0330669496944846
21412,0.031690376406217836
21413,0.43670955535666484
21414,0.03435698603000035
21415,0.033744753630339165
21416,0.03350720098609452
21417,0.4588336991114028
21418,0.0528369778741231
21419,0.05828916502669792
21420,0.6403665433039183
21421,0.12892746558323584
21422,0.046420273576006796
21423,0.054363762544205545
21424,0.05820829992265225
21425,0.8325745929409785
21426,0.03316338615905973
21427,0.5493161182420216
21428,0.7176628256526725
21429,0.8535938580792741
21430,0.04076866181946815
21431,0.8428661518252154
21432,0.0489368035793407
21433,0.033195579398535485
21434,0.8113967294194537
21435,0.042744806024992824
21436,0.5214222863512911
21437,0.051778909863744255
21438,0.3528335550459534
21439,0.13376349398744206
21440,0.3230291294456986
21441,0.2785905925187408
21442,0.03851253607686392
21443,0.746693485717738
21444,0.8795692679941051
21445,0.03654484282894053
21446,0.043169190712993084
21447,0.21095303752779423
21448,0.5501497389981842
21449,0.7167703056549208
21450,0.7198688014926528
21451,0.03740095001426022
21452,0.03292965615067176
21453,0.8437337536644811
21454,0.040314812533856534
21455,0.22943234519621308
21456,0.11532198022122486
21457,0.45384085283447567
21458,0.04214304491733072
21459,0.43298880346752766
21460,0.04723148772027175
21461,0.7645822116875385
21462,0.20423698247924094
21463,0.6049825148631992
21464,0.8107441279289695
21465,0.6846075771861647
21466,0.03446381382930091
21467,0.7940562959691131
21468,0.649726454749158
21469,0.6610692945837484
21470,0.06513258951305224
21471,0.7305485040129103
21472,0.6517659153549198
21473,0.41517825087801874
21474,0.6353852841372895
21475,0.3921817261779452
21476,0.04102601363514554
21477,0.034179640936007595
21478,0.5599066744127533
21479,0.40639152934963296
21480,0.22470913524653102
21481,0.03437774837456797
21482,0.16437261002816556
21483,0.6390012124106621
21484,0.38199836867498727
21485,0.6887337099806237
21486,0.5102319796947483
21487,0.17438839058741823
21488,0.8875688199527736
21489,0.609088795464742
21490,0.5568101686051208
21491,0.04001907997178872
21492,0.2437308399995866
21493,0.886846861289307
21494,0.17388075730162567
21495,0.8822881949635193
21496,0.041343866448721955
21497,0.50211791586489
21498,0.6008837466465471
21499,0.09922749667196153
21500,0.6753914252314308
21501,0.031054829722069813
21502,0.7249646348136216
21503,0.105192550397935
21504,0.03398266653438981
21505,0.04327417147683975
21506,0.5355932729520037
21507,0.031424582956286085
21508,0.7713562608209592
21509,0.7368777833003993
21510,0.3247493540876193
21511,0.03807860004146142
21512,0.062271251844383486
21513,0.05012235164920649
21514,0.1900410701063921
21515,0.8640879624521032
21516,0.033039667281714764
21517,0.6639510441555041
21518,0.033020069633399936
21519,0.6087614496036438
21520,0.0332080426865128
21521,0.03384971077496376
21522,0.7041194666524913
21523,0.39436402513596946
21524,0.07721828381700596
21525,0.05793677815072615
21526,0.20042382247897278
21527,0.5700933666339107
21528,0.04453754958056658
21529,0.038635965395491856
21530,0.8420023853350542
21531,0.5338025212856486
21532,0.03929439684532234
21533,0.03519591360729479
21534,0.5882094964828193
21535,0.8887918665788093
21536,0.4551756191614119
21537,0.037036231163213106
21538,0.577240614813803
21539,0.037605219116775584
21540,0.0328500474283531
21541,0.05266180161347213
21542,0.22851182190358588
21543,0.03616579992298056
21544,0.7673849224859091
21545,0.03317973727684008
21546,0.6870803998261279
21547,0.5829248797214808
21548,0.03146395882824261
21549,0.2899563567729152
21550,0.49310016695238656
21551,0.03695384009461474
21552,0.05694794547105502
21553,0.6226000869604201
21554,0.033490662121864266
21555,0.782486523677183
21556,0.3094424626509229
21557,0.8500827824923584
21558,0.611870906857673
21559,0.48386395026642715
21560,0.655304154955828
21561,0.03322944068065662
21562,0.04452541329651854
21563,0.0737792847255039
21564,0.8426053962984821
21565,0.24827244728431164
21566,0.6637085339215342
21567,0.03410256427526633
21568,0.3197549066135197
21569,0.581772689078998
21570,0.03384074405364601
21571,0.7516087406609402
21572,0.20614745023510544
21573,0.8978340494544335
21574,0.28773707323687536
21575,0.8221325440651083
21576,0.31612784150597284
21577,0.2677019306078703
21578,0.5819976526210451
21579,0.044348958929160756
21580,0.632433158954424
21581,0.03489538578414526
21582,0.6733815082829007
21583,0.03445571576706299
21584,0.5995161909094278
21585,0.3153553969012652
21586,0.7079309346184355
21587,0.5749265509102488
21588,0.5898585388538635
21589,0.03677545572183691
21590,0.04344947017208608
21591,0.706775873799792
21592,0.03284208227630238
21593,0.03302965458098237
21594,0.7295934376459738
21595,0.1608227877368129
21596,0.09821900681793636
21597,0.8334382771385838
21598,0.5347845030391913
21599,0.24834114483846437
21600,0.03267997754423948
21601,0.5455117039234626
21602,0.8193326628692313
21603,0.031492567112321186
21604,0.7221285112056123
21605,0.7568438035110883
21606,0.7668619101593277
21607,0.2821594148507407
21608,0.07870458896790475
21609,0.0896397550650944
21610,0.6861013220960261
21611,0.820331350426007
21612,0.34478156666772597
21613,0.6948904046444617
21614,0.8491381748311202
21615,0.8751881070403207
21616,0.04270781344111811
21617,0.16831891178113506
21618,0.037893121978274234
21619,0.04097315834063209
21620,0.274361140773197
21621,0.036293662084326564
21622,0.2382532805604579
21623,0.37634946575922723
21624,0.9054046844410182
21625,0.6204669606108745
21626,0.3968968297246338
21627,0.7562211131789323
21628,0.47710334890253386
21629,0.19223822946049818
21630,0.04499849173187467
21631,0.04395876131731559
21632,0.5787220029091014
21633,0.6837346613557482
21634,0.7412588446236252
21635,0.05712861667921022
21636,0.8328011129078483
21637,0.04080818401816649
21638,0.8535935040084937
21639,0.5471488394712647
21640,0.8713432288717777
21641,0.34180956350391895
21642,0.3601603314493125
21643,0.12543451320206594
21644,0.032500295957110015
21645,0.35335691099561317
21646,0.8374771318521241
21647,0.032686596786154015
21648,0.12811670906451733
21649,0.03195794889677029
21650,0.8856309813775282
21651,0.03433576292427667
21652,0.04342260361106584
21653,0.2968564121682135
21654,0.7810968173887765
21655,0.034064362444816976
21656,0.37823196336874304
21657,0.5875865046201102
21658,0.0429875975760197
21659,0.03179497426116162
21660,0.6173251649506624
21661,0.6920546913188055
21662,0.03483842599806167
21663,0.038787976772441446
21664,0.031151286784996856
21665,0.7375873388942675
21666,0.8568890262323208
21667,0.031828383276930806
21668,0.6385309276565062
21669,0.721826408785745
21670,0.045925743476005726
21671,0.8276602950495187
21672,0.48410104251066843
21673,0.0323383384230839
21674,0.695361216844467
21675,0.049533667376371014
21676,0.863569906385214
21677,0.037703000758139135
21678,0.04248477212066258
21679,0.8684987465686489
21680,0.04123786487534598
21681,0.40637625687765233
21682,0.3128235797930896
21683,0.313061265834085
21684,0.815995645943876
21685,0.4068361542053082
21686,0.3865239397154752
21687,0.4547486482505182
21688,0.051096073867733655
21689,0.6470793968918822
21690,0.0370193940680046
21691,0.08677483665138393
21692,0.7797538712981984
21693,0.05330467190418868
21694,0.5705341067323412
21695,0.2933976313030645
21696,0.07039073527588685
21697,0.7765114800115724
21698,0.042637773977043984
21699,0.49691409220090166
21700,0.03572404356557785
21701,0.7804055550092707
21702,0.8919770224479572
21703,0.038868719230750706
21704,0.23693245453405515
21705,0.03182632296945811
21706,0.0392313342800777
21707,0.0413578151708181
21708,0.6206450370725372
21709,0.043107371956226694
21710,0.0314253174752079
21711,0.7803625038658815
21712,0.5693271618546484
21713,0.04086827634013219
21714,0.03309645929008253
21715,0.334290994350131
21716,0.3381367914417251
21717,0.037096081436663986
21718,0.03359612819339931
21719,0.040378282907158544
21720,0.6177464726763642
21721,0.23228763416534723
21722,0.4711235268258943
21723,0.1882876372766524
21724,0.04235834187488174
21725,0.09117646575750257
21726,0.04709318845989062
21727,0.03637831990522871
21728,0.2243404643787673
21729,0.5631295895820301
21730,0.1281910628716996
21731,0.6568124719234445
21732,0.46941555727928985
21733,0.14827573766957663
21734,0.8198448316291298
21735,0.6923588123069071
21736,0.3011012444033585
21737,0.042682798789526744
21738,0.03725327692151846
21739,0.08263452360968224
21740,0.39759185454963636
21741,0.5608643673369952
21742,0.7836024485438113
21743,0.042176769618443175
21744,0.15518482192883146
21745,0.7666073615501345
21746,0.03342657682714048
21747,0.060325690484910974
21748,0.09371572378556652
21749,0.4634675792136514
21750,0.4284246447987497
21751,0.7658405270806921
21752,0.7771356025333798
21753,0.6178706179070627
21754,0.5270929232654329
21755,0.6472838868146409
21756,0.03380626945023068
21757,0.8559112498260183
21758,0.034411758960929045
21759,0.6744260586038975
21760,0.8649905361113324
21761,0.6442559252980684
21762,0.034546003670417526
21763,0.08247100588542322
21764,0.8181871852297338
21765,0.6762787129365877
21766,0.83922994573484
21767,0.05159779321739736
21768,0.41725916561989107
21769,0.032880541527892646
21770,0.231726373617741
21771,0.43147803329864237
21772,0.03181052229831381
21773,0.047097347959292074
21774,0.031919047223029795
21775,0.4952658945605402
21776,0.882307834110395
21777,0.7979057664732676
21778,0.03608838752625004
21779,0.9144598095089604
21780,0.5389154379912666
21781,0.3636484892749987
21782,0.03632733032796437
21783,0.04243868684529099
21784,0.037131797310173346
21785,0.21227367549834586
21786,0.7669148169658065
21787,0.6850087065045473
21788,0.03744084342517171
21789,0.0925506405424328
21790,0.26154794317303326
21791,0.8169792480377517
21792,0.858179141453886
21793,0.033592989876377925
21794,0.05166977477480604
21795,0.6827108471866792
21796,0.8417435107019408
21797,0.8328844159048038
21798,0.03530409651253717
21799,0.03698049083933434
21800,0.8478059886728189
21801,0.032754152801202883
21802,0.038817512380243155
21803,0.3801402392153682
21804,0.7885639816434041
21805,0.039672385436262725
21806,0.04038285752177419
21807,0.03172141600659378
21808,0.287827433247058
21809,0.8414578749020496
21810,0.03162825356473219
21811,0.5252959424109865
21812,0.8196984682149644
21813,0.835597009400862
21814,0.7862735478763877
21815,0.03875984700239753
21816,0.03902130569812689
21817,0.03852887915025549
21818,0.2523757816480132
21819,0.03665108774254634
21820,0.8455785899820076
21821,0.8724588866135207
21822,0.6862969982543291
21823,0.5360504880995908
21824,0.8653472475059327
21825,0.9108321091448447
21826,0.8343634295321527
21827,0.8666122481653942
21828,0.4056600737528434
21829,0.36484813185897746
21830,0.0752145190753349
21831,0.035599672241213555
21832,0.6800982121396644
21833,0.4523244920745523
21834,0.8530848052747323
21835,0.031414982101003394
21836,0.2214390844732532
21837,0.5814070649565006
21838,0.8510583713652489
21839,0.6387970198065132
21840,0.03480949717597131
21841,0.1579667667779544
21842,0.06286804542211531
21843,0.6249679232006027
21844,0.2157777319247728
21845,0.6815401578738738
21846,0.034807851659850564
21847,0.8714493061935814
21848,0.04401749364106332
21849,0.034013559894615006
21850,0.065348019141137
21851,0.8695391936967092
21852,0.8108763680143432
21853,0.03927812383487912
21854,0.20502157761780498
21855,0.24768777668571146
21856,0.6530955700754835
21857,0.7797481277455074
21858,0.7946326723325787
21859,0.08097801163789756
21860,0.8476590599581756
21861,0.03310768891248092
21862,0.7200414063236916
21863,0.8137954929253514
21864,0.3712273898402937
21865,0.7142514933072789
21866,0.3901590414260441
21867,0.8474153557073822
21868,0.038619379203158895
21869,0.04177502926758121
21870,0.039175134712396836
21871,0.46913932000408987
21872,0.03161480159588901
21873,0.7430008737927766
21874,0.5478966169829892
21875,0.5337963888725521
21876,0.44709477880738463
21877,0.04865760893861
21878,0.08214179120403053
21879,0.03746142854114749
21880,0.7741592040966844
21881,0.051005140870434784
21882,0.22601682582210184
21883,0.03158299848096598
21884,0.06100763188334929
21885,0.06888599650395374
21886,0.040446643662178504
21887,0.037642827105979604
21888,0.03534804219938576
21889,0.8633161222046779
21890,0.0815473173021243
21891,0.38003015714460225
21892,0.8848474778194335
21893,0.06246955461698707
21894,0.035111044904816424
21895,0.8378552951437329
21896,0.716382790823376
21897,0.8256689721926198
21898,0.07791666284071569
21899,0.2857368841535775
21900,0.03735501302641401
21901,0.04014545427286843
21902,0.4137275019118688
21903,0.042447690045887276
21904,0.12579265407609158
21905,0.033667770534784605
21906,0.038417679878136955
21907,0.12375044488900319
21908,0.04083439908136145
21909,0.48751943297938066
21910,0.03245245460081205
21911,0.0317825681393322
21912,0.8133129034653468
21913,0.8463080241266696
21914,0.39318420633599516
21915,0.07063971841980408
21916,0.03651608535589237
21917,0.03706026030387663
21918,0.035449150446331304
21919,0.03266663019216099
21920,0.03218502597538023
21921,0.39006723374110297
21922,0.15229121048790362
21923,0.07060422847532959
21924,0.7445501470340015
21925,0.8654866685997251
21926,0.34399792995104905
21927,0.4598539912013716
21928,0.551297125324142
21929,0.033945682027972844
21930,0.034639474514533086
21931,0.03525468036253174
21932,0.06411984364044566
21933,0.032251131365305996
21934,0.23535610982074506
21935,0.3713208778118687
21936,0.6944488773844817
21937,0.03285599821784523
21938,0.7123833295605972
21939,0.47089449995815413
21940,0.8925955691633225
21941,0.42081621670294417
21942,0.03390720367404833
21943,0.03793008510791061
21944,0.16068598558420538
21945,0.40910715753431115
21946,0.45389145165403755
21947,0.12887627848624977
21948,0.8132023309405841
21949,0.6182410401277771
21950,0.3784245119402624
21951,0.8462099309691934
21952,0.03143130463502688
21953,0.7876254575127487
21954,0.65487848743044
21955,0.4316149959991785
21956,0.03394757086588501
21957,0.4015860098515442
21958,0.3970237841568014
21959,0.24186617130310914
21960,0.03827430250171665
21961,0.8141995860681387
21962,0.03133753627669622
21963,0.032788823660697075
21964,0.46860820698498373
21965,0.03772837131605579
21966,0.760609173760052
21967,0.046555204574999856
21968,0.8371890023411804
21969,0.04015854031975436
21970,0.8636108421228719
21971,0.44189013257788834
21972,0.1564970763588638
21973,0.03287574090295273
21974,0.7670929390044959
21975,0.262500132366434
21976,0.03283539262857233
21977,0.7307343461454984
21978,0.7850944899869887
21979,0.8130266699053557
21980,0.8588951956763791
21981,0.8848474076093769
21982,0.7996693831931372
21983,0.058750396067484875
21984,0.8909799435283537
21985,0.667905699418732
21986,0.03113611048846495
21987,0.5328532969730273
21988,0.03808945240495954
21989,0.34991031965753205
21990,0.7732009058374849
21991,0.03405103001391214
21992,0.7182205856077772
21993,0.20560181504902142
21994,0.4802779350399188
21995,0.7737070921128728
21996,0.40922658870358275
21997,0.6397682439831088
21998,0.04253423290170584
21999,0.03504944836632577
22000,0.44288747662030914
22001,0.038374578454255626
22002,0.8625054685967954
22003,0.7959122631109223
22004,0.6757245220856891
22005,0.13676122165137852
22006,0.04087631457401146
22007,0.8884159268757728
22008,0.5209173427037411
22009,0.03614579532104537
22010,0.5183848621036455
22011,0.8227010224085275
22012,0.03695518887148318
22013,0.037325598082374276
22014,0.0352404692766573
22015,0.16172610876119764
22016,0.045653635112256195
22017,0.7894122526432514
22018,0.39735094376179797
22019,0.6692249573323056
22020,0.33834293766967694
22021,0.9048807111413542
22022,0.037029380259654625
22023,0.03577902310608751
22024,0.4901656583895784
22025,0.194799871019685
22026,0.060722399633555996
22027,0.04905457185438361
22028,0.03349608290356891
22029,0.536752723745829
22030,0.03694543972916582
22031,0.03704308856556975
22032,0.04655470441606509
22033,0.6942055918907309
22034,0.4865424578335815
22035,0.8610835995023295
22036,0.4187574247935588
22037,0.5988446359624494
22038,0.5872340428543009
22039,0.6599075154357117
22040,0.2830138085752188
22041,0.053387769952690026
22042,0.474198252165266
22043,0.03585331490556204
22044,0.03824524774297478
22045,0.7477973313968391
22046,0.15781538390110167
22047,0.6572390258429169
22048,0.12648757286514697
22049,0.8434493988088958
22050,0.7955951608646097
22051,0.03133128657812434
22052,0.04038891569336664
22053,0.8237809638077784
22054,0.8468958920770803
22055,0.253807931123581
22056,0.6835497208211558
22057,0.3588006978905456
22058,0.3330775307031728
22059,0.6448396381039836
22060,0.8687029304941338
22061,0.03329214789550554
22062,0.710325237857349
22063,0.7893755853061143
22064,0.03369973923602842
22065,0.511608863452383
22066,0.276365863997498
22067,0.6951860040357354
22068,0.18917004326360176
22069,0.03549370681662425
22070,0.07015645668800174
22071,0.06502574779009859
22072,0.7530876057789918
22073,0.05772631538309529
22074,0.8462967199136884
22075,0.5374268073044811
22076,0.32395214800027844
22077,0.09094517042719301
22078,0.041156452926581655
22079,0.037504343216980915
22080,0.3038886914531841
22081,0.30920396719931037
22082,0.892081151542506
22083,0.43621417144685887
22084,0.6513799181314631
22085,0.8565754738853338
22086,0.08067368169434674
22087,0.7928580818685481
22088,0.03592683972911232
22089,0.04362513025525422
22090,0.2961476837061031
22091,0.38234494228544047
22092,0.7800650403827714
22093,0.06459570089193173
22094,0.036242697564409135
22095,0.03939047507338739
22096,0.5423587713742505
22097,0.04359460148350727
22098,0.5410936118557937
22099,0.6006492731946339
22100,0.5096254146690334
22101,0.5131384479065525
22102,0.7648509364791873
22103,0.5980471226118019
22104,0.6807655535165458
22105,0.09618900772468145
22106,0.8560920784572622
22107,0.6508522009243793
22108,0.9007465390224489
22109,0.8046253365537624
22110,0.13891914635866642
22111,0.09639317098609092
22112,0.2685439443732627
22113,0.6865621635757104
22114,0.8716232109524389
22115,0.0689426454886746
22116,0.6127882009625336
22117,0.30882979512770375
22118,0.12560264421490405
22119,0.03241335769190545
22120,0.3789909944506753
22121,0.31736386856894455
22122,0.8174396924921163
22123,0.03475394650817411
22124,0.6469758197445191
22125,0.2504516303885245
22126,0.03545551172792572
22127,0.036420828705872446
22128,0.04697806030804066
22129,0.03140348788927167
22130,0.17967351259981743
22131,0.7971745908295079
22132,0.7926902986712681
22133,0.5881084998787106
22134,0.2827319880576568
22135,0.03178660565491507
22136,0.3602575882581255
22137,0.5651864461288946
22138,0.1059679556759544
22139,0.03436677426559938
22140,0.03358499735330771
22141,0.5016507862524313
22142,0.759800120106477
22143,0.06108553312353908
22144,0.7314170423097108
22145,0.032260673371102784
22146,0.03312336066347159
22147,0.8235506301218207
22148,0.06065916984428242
22149,0.0648406454591722
22150,0.03425285297862176
22151,0.0398850507616488
22152,0.0353838845487952
22153,0.06948707781796536
22154,0.3341291323857054
22155,0.45546798319959403
22156,0.8613527791973481
22157,0.03513805718309031
22158,0.6429063721900865
22159,0.1604974224155234
22160,0.034701051777088855
22161,0.4399935440775681
22162,0.6057087485365795
22163,0.04383345994418662
22164,0.03769460195864241
22165,0.7460254860658451
22166,0.6604630771901622
22167,0.6615493047475701
22168,0.4451176165528204
22169,0.49028366881673113
22170,0.8384091680271547
22171,0.04828182154637059
22172,0.06568293585644183
22173,0.04121265074624311
22174,0.034436161882700884
22175,0.26645467741243956
22176,0.03788955350593219
22177,0.5695661388960264
22178,0.031046723605006897
22179,0.5927356789135863
22180,0.5503432226518866
22181,0.2602593896526432
22182,0.21957294290049229
22183,0.6879198014244303
22184,0.8068052406564078
22185,0.03576854475134775
22186,0.03608099584916171
22187,0.38473370827393827
22188,0.7018081356341659
22189,0.6157407071741703
22190,0.4843067028483805
22191,0.038102923106821854
22192,0.6797906808134817
22193,0.0463152386384804
22194,0.03793883988870282
22195,0.14976228209608763
22196,0.03189600469680024
22197,0.04958880618469993
22198,0.03155240719757696
22199,0.89772231555404
22200,0.035542070411209783
22201,0.03244910077361169
22202,0.03281384457222022
22203,0.7408053494136569
22204,0.03678461475176191
22205,0.8958029816800857
22206,0.04593675143775176
22207,0.04512104929755853
22208,0.033891873929256536
22209,0.8239540063429369
22210,0.031850351590751586
22211,0.03667601796131888
22212,0.03181179336019282
22213,0.8657076570750766
22214,0.17566075904543743
22215,0.12607297519068744
22216,0.03546466259067992
22217,0.034561552725972326
22218,0.04077676502428744
22219,0.04402577285162161
22220,0.6300543161747744
22221,0.034168511081687294
22222,0.08768541364259472
22223,0.09837955514306126
22224,0.07429453866436761
22225,0.04034321121610331
22226,0.03337744401274954
22227,0.7555211066595375
22228,0.386555895443759
22229,0.1061048053475987
22230,0.3991328679847286
22231,0.03656763411018286
22232,0.776157431252849
22233,0.295639059746847
22234,0.8709195409777217
22235,0.03105973072620547
22236,0.7265162791810008
22237,0.7322127586563418
22238,0.035038121983295756
22239,0.03718569250754607
22240,0.05753243934248626
22241,0.32946981420916643
22242,0.8189028112760086
22243,0.44337779983533154
22244,0.8635543555256234
22245,0.30659862733770876
22246,0.7623213389130717
22247,0.6194184934669547
22248,0.03510134190724806
22249,0.036770947441849514
22250,0.8298641950176674
22251,0.8443616756995687
22252,0.6700140975444902
22253,0.03630957276097535
22254,0.03531764935589526
22255,0.8357498969798236
22256,0.0353374075937165
22257,0.035938076984864106
22258,0.3554681616476857
22259,0.6074292323950842
22260,0.8487812446055332
22261,0.03119707802969086
22262,0.4689140028599928
22263,0.8536489908892071
22264,0.28372172101921866
22265,0.6733813501739121
22266,0.053649271850726904
22267,0.03434319373666949
22268,0.7885179108170703
22269,0.2940466735404991
22270,0.03582571551888076
22271,0.868677717650344
22272,0.6383817474351758
22273,0.43840942794845006
22274,0.05699326825544036
22275,0.03540570871324786
22276,0.03716081697188483
22277,0.8173908700600577
22278,0.047895712017158545
22279,0.5254273353131595
22280,0.5310743384431663
22281,0.7532471418000674
22282,0.03367971838475866
22283,0.0531102029057632
22284,0.03226558573914419
22285,0.038354473777335175
22286,0.8002021431776605
22287,0.2595882531211985
22288,0.4450742512389545
22289,0.5737580097931891
22290,0.27281968201772666
22291,0.03199458300144072
22292,0.4768864185742218
22293,0.5777212040890549
22294,0.03459292503482971
22295,0.03147214995693327
22296,0.7277218801576016
22297,0.5065440707398933
22298,0.6362335485098362
22299,0.037258929694269895
22300,0.5791727540220051
22301,0.03506312913322678
22302,0.031169762473233352
22303,0.22981548348040792
22304,0.09045028440243194
22305,0.7794211969646911
22306,0.8593637145673692
22307,0.04141741241345506
22308,0.04006337067193669
22309,0.6771373802834537
22310,0.05020834093698022
22311,0.8917921646474748
22312,0.04360343175507083
22313,0.0347698781014605
22314,0.4485344472645306
22315,0.7674079224732774
22316,0.5196023373777783
22317,0.9015513303835865
22318,0.03971438714507236
22319,0.7485794972394835
22320,0.42506494706240716
22321,0.43693891960785486
22322,0.8696150568150918
22323,0.031106494582251648
22324,0.06822646120836047
22325,0.38877402209239165
22326,0.0500061815938739
22327,0.0385669593724449
22328,0.1450179183536093
22329,0.5019129238459192
22330,0.13941948495689285
22331,0.7689123445545993
22332,0.03304424573889443
22333,0.044845770602860234
22334,0.03388760329167652
22335,0.8487281403049243
22336,0.034614721981414374
22337,0.6381594197552063
22338,0.8658305952251704
22339,0.03841966882726287
22340,0.1256779908849362
22341,0.03651682760112921
22342,0.6532441612531579
22343,0.04997114806479616
22344,0.7256674925441633
22345,0.6364667072764248
22346,0.8545676301350411
22347,0.8782531084514964
22348,0.7011781810262133
22349,0.59615023946632
22350,0.05315500729827816
22351,0.8380422095330968
22352,0.19272187532668267
22353,0.03955806338981088
22354,0.17740541876047972
22355,0.5331588927342612
22356,0.05443251139658139
22357,0.03649816169266187
22358,0.5793863765198677
22359,0.23169689303463262
22360,0.7872284829863285
22361,0.7798520322733127
22362,0.03377197411266053
22363,0.6327663444677291
22364,0.03149121463796178
22365,0.15790829169843948
22366,0.8800362414082337
22367,0.04119453311128073
22368,0.5318415344763391
22369,0.6559322541730828
22370,0.6583242642247299
22371,0.5862026360017326
22372,0.4637803128517684
22373,0.7592615930517017
22374,0.7401454492627011
22375,0.428012012313418
22376,0.5474889143568641
22377,0.11556367064049741
22378,0.6991798603957243
22379,0.6748308794137408
22380,0.8871154871303563
22381,0.03476788277361905
22382,0.5529731446739211
22383,0.6157741654456501
22384,0.6812629288115761
22385,0.40131517721142596
22386,0.043279363526053154
22387,0.1759914723663833
22388,0.7865081067993309
22389,0.03227200682596096
22390,0.3953013940598748
22391,0.40352190142302524
22392,0.031782870667383736
22393,0.5565293339721759
22394,0.03157857573695751
22395,0.04018940214177547
22396,0.20064897925244768
22397,0.03345628618892889
22398,0.04684456723204873
22399,0.27080632955845046
22400,0.06094461238005815
22401,0.04109807954863886
22402,0.03828671271647894
22403,0.037312372801332025
22404,0.03772791991158994
22405,0.9032035888474381
22406,0.7363463839136928
22407,0.8039106094449672
22408,0.03150870337744804
22409,0.04557202402541676
22410,0.8349796235989886
22411,0.03397093566846987
22412,0.789738295308614
22413,0.03899360648766446
22414,0.27830784833411787
22415,0.5027818755052726
22416,0.3597104306697974
22417,0.035260006752150075
22418,0.8300675415809979
22419,0.13408847955888412
22420,0.03447944295487017
22421,0.032801727640669
22422,0.28393840384315616
22423,0.0396552521652679
22424,0.047762825691212776
22425,0.032347850034750644
22426,0.664369108505987
22427,0.049138525676009834
22428,0.7217776638313167
22429,0.29150070335092987
22430,0.033544867569201726
22431,0.7795138157125527
22432,0.042318694059615275
22433,0.6965169549493567
22434,0.04552954266031932
22435,0.7163616474621125
22436,0.03670027159136355
22437,0.3831210693574608
22438,0.6034315675777103
22439,0.04020430499695141
22440,0.8764283881001453
22441,0.3058533801027054
22442,0.38548898765101264
22443,0.826731638679689
22444,0.6814727402887052
22445,0.3097347935262411
22446,0.6058252716862473
22447,0.44635096530019214
22448,0.5925374227513845
22449,0.04585675040311621
22450,0.12471948245979575
22451,0.8527225023898171
22452,0.031236509621478555
22453,0.5831427769402534
22454,0.04298557742464527
22455,0.03590264695021062
22456,0.4576198968187945
22457,0.031423982716564505
22458,0.15602280892086248
22459,0.7413887986934207
22460,0.4332300480393757
22461,0.033098500063374454
22462,0.32530112660175226
22463,0.33274734968686154
22464,0.45434670259266974
22465,0.7463306469923787
22466,0.49305880386476997
22467,0.7430954456597156
22468,0.03393099059134285
22469,0.37058357000941905
22470,0.6725170477746707
22471,0.8261574094189189
22472,0.03759812031029696
22473,0.7457802894571062
22474,0.03165469765627314
22475,0.1501078100154487
22476,0.0322245058906434
22477,0.039078001207604705
22478,0.8286379674407065
22479,0.6037547611902352
22480,0.23133435820208204
22481,0.8512482522772828
22482,0.6662523342860802
22483,0.054191925369994336
22484,0.03690567443458438
22485,0.03361121010885284
22486,0.47743729164610627
22487,0.8504411020888698
22488,0.6984072680303409
22489,0.4388235312771097
22490,0.03189576204388857
22491,0.03489024478917254
22492,0.308682770271091
22493,0.5039940552899985
22494,0.6536046729815483
22495,0.7728935118945239
22496,0.4652432455602667
22497,0.9041103168082446
22498,0.5978475387881673
22499,0.03228590535456473
22500,0.037914616020848946
22501,0.26111007484721405
22502,0.28360999141502524
22503,0.4564266677580001
22504,0.1533535296152528
22505,0.1636744361469249
22506,0.11677014946881287
22507,0.42654218032467006
22508,0.05342451095405995
22509,0.7921589430107954
22510,0.5826718856317825
22511,0.03180728079493639
22512,0.2880722347991988
22513,0.03329144457784437
22514,0.6240484914804677
22515,0.17340535827960818
22516,0.2293075354188201
22517,0.718961627305511
22518,0.8548249924084984
22519,0.5421812386979258
22520,0.6006329218244556
22521,0.0443285349013753
22522,0.7312204948705776
22523,0.5527150541934537
22524,0.04561948516771697
22525,0.6842603962442869
22526,0.03377725360725189
22527,0.3632714384197635
22528,0.7165019999577726
22529,0.7486374344646494
22530,0.04276242493678122
22531,0.15141815922403049
22532,0.5830023863437217
22533,0.038890148029276976
22534,0.06877255816366597
22535,0.6269798032050292
22536,0.04659614581266418
22537,0.3367898044496296
22538,0.6411750378880207
22539,0.0390375554501204
22540,0.03235432566704296
22541,0.03603049333101329
22542,0.035224024562524374
22543,0.16278797896803116
22544,0.5417383108678558
22545,0.6232611966860907
22546,0.8305577916345301
22547,0.8601377960096708
22548,0.305803561634867
22549,0.7492413372938196
22550,0.08272117851374924
22551,0.8263587147065385
22552,0.7132325368855328
22553,0.8415635238336461
22554,0.1479977238145033
22555,0.5642077023412959
22556,0.04586633212481238
22557,0.8813154433433261
22558,0.5333596973127379
22559,0.8508863088215144
22560,0.5172077417353673
22561,0.6081098344083854
22562,0.0446666310076329
22563,0.08509526323690841
22564,0.03576437576330587
22565,0.03487832382428549
22566,0.28916096804469754
22567,0.2093145166240566
22568,0.6163321068426193
22569,0.5449215399595566
22570,0.4370225324460164
22571,0.1862806592017311
22572,0.07775461058064416
22573,0.19069407973700397
22574,0.03358375399366785
22575,0.0367795921415018
22576,0.5730399308546615
22577,0.5881950234461876
22578,0.39745354204783806
22579,0.534006015196999
22580,0.6927921266104071
22581,0.03501000447892412
22582,0.1745364964251726
22583,0.2981756926012372
22584,0.03284314546388458
22585,0.5141160956186464
22586,0.040768182664707685
22587,0.08057945441839708
22588,0.03464861417184091
22589,0.4140347388315119
22590,0.03833002975284979
22591,0.8831588690504812
22592,0.035073744318435
22593,0.8121910673800978
22594,0.7254989547910269
22595,0.03564215755856884
22596,0.27280890094779164
22597,0.817065370189787
22598,0.6002218286572854
22599,0.3694620107050548
22600,0.8386247883891549
22601,0.06157054781255794
22602,0.03954593022049735
22603,0.0719043787951337
22604,0.7506087489091311
22605,0.8289159438039926
22606,0.03399129300333502
22607,0.05744251702556407
22608,0.3798524938677499
22609,0.7333118965256492
22610,0.033276440339405064
22611,0.36784938322236405
22612,0.764335439826429
22613,0.08088514123412607
22614,0.6284893100877833
22615,0.10137010916676883
22616,0.134114879543076
22617,0.5172405273609282
22618,0.5303066130207521
22619,0.0378927153774164
22620,0.031812439225584084
22621,0.5765979939060386
22622,0.0370136226565316
22623,0.8526462852671148
22624,0.04016746310715297
22625,0.03183359228863788
22626,0.39866009707945893
22627,0.03379434456448668
22628,0.170377773425951
22629,0.7076118080528719
22630,0.033558546196385396
22631,0.788858415066596
22632,0.7913391598414177
22633,0.05076208931494083
22634,0.28725076502779145
22635,0.1770539328876288
22636,0.03858691598349714
22637,0.18195627084573773
22638,0.1775834369618966
22639,0.04910498775737353
22640,0.8044531904093676
22641,0.033062010238197825
22642,0.035909988251536774
22643,0.03635244631336182
22644,0.046374785244288064
22645,0.06430101006744729
22646,0.04648737356757341
22647,0.5091615532127113
22648,0.803480530839717
22649,0.31898720954630755
22650,0.23279754150203005
22651,0.8083393250162247
22652,0.0392235187292843
22653,0.3655306535788063
22654,0.04166889410432972
22655,0.03271130165591609
22656,0.03263213033990899
22657,0.08520944169943895
22658,0.8800008587887735
22659,0.3472333888454838
22660,0.033746345618221395
22661,0.3157116903414507
22662,0.036857827813049526
22663,0.03220433302774701
22664,0.42937013446129646
22665,0.030987082829061985
22666,0.036066115420593875
22667,0.8054237472362431
22668,0.8583563145294697
22669,0.03579652687655961
22670,0.7560535180909671
22671,0.03963857028506039
22672,0.03794786901473581
22673,0.18008799343567602
22674,0.03725281392315584
22675,0.05707508548810434
22676,0.36743910673549623
22677,0.38964757807907313
22678,0.8959472548262155
22679,0.04049505968682799
22680,0.04052820843959731
22681,0.034859678679730034
22682,0.03919630201505804
22683,0.12223892616155034
22684,0.14498677711051772
22685,0.04056100348826516
22686,0.03442371305197377
22687,0.042427530460467634
22688,0.6445607161691158
22689,0.035736698550887305
22690,0.8806317734411617
22691,0.3470330636192014
22692,0.8108569928612512
22693,0.03582807891109239
22694,0.03362265088303969
22695,0.034354400427618954
22696,0.750404437299407
22697,0.8885175511557218
22698,0.34978484273678145
22699,0.7904077493856746
22700,0.5133932394667813
22701,0.6068979494532125
22702,0.03874083248750941
22703,0.03857593154982319
22704,0.12133738109515767
22705,0.5079511921024126
22706,0.8758041045562052
22707,0.4437589590099765
22708,0.7258707022897988
22709,0.09970540435017827
22710,0.7206776400703615
22711,0.03654710016027699
22712,0.05740957389963122
22713,0.7139449904772197
22714,0.033718034189840713
22715,0.06379013506284217
22716,0.7867624908271996
22717,0.09332276760406358
22718,0.060067440908699116
22719,0.6133487303666647
22720,0.03340851032100762
22721,0.912656629537013
22722,0.8463379335950995
22723,0.057258873251256726
22724,0.03916905587607344
22725,0.440416877143102
22726,0.8644668772462647
22727,0.13834882088620262
22728,0.10408437515604482
22729,0.6933172197183847
22730,0.6616627931186706
22731,0.4802206282159102
22732,0.03205898380181753
22733,0.060712858779241166
22734,0.48731805358018454
22735,0.042584964240257074
22736,0.03205250903010494
22737,0.9153006273215386
22738,0.04455649985616869
22739,0.519432402635528
22740,0.03762009740411927
22741,0.06399479332094504
22742,0.9073082887857782
22743,0.038226475827276174
22744,0.045729137179483674
22745,0.03504805093893145
22746,0.4221973332064115
22747,0.77792513584315
22748,0.8362740469801456
22749,0.03328162338195853
22750,0.03945855474134825
22751,0.3851291486834774
22752,0.03278797589168604
22753,0.03141021180019741
22754,0.6622658373708044
22755,0.03698546187622509
22756,0.04224079719198277
22757,0.834207093494457
22758,0.3173435530391744
22759,0.037797732754156314
22760,0.04440359195286571
22761,0.8325992890477072
22762,0.039823414424124216
22763,0.5630399187545441
22764,0.899170367459722
22765,0.38839263908460653
22766,0.19131413081018517
22767,0.24294615954469134
22768,0.054012992419570846
22769,0.6026174824189903
22770,0.44842899667493386
22771,0.03205592697270705
22772,0.8988576348044994
22773,0.8024828827817108
22774,0.0331344171980097
22775,0.06323870725742915
22776,0.6541524313821694
22777,0.031219587355353334
22778,0.8340042700294865
22779,0.03202465798416081
22780,0.7898481357215539
22781,0.17564093941454312
22782,0.08412713487280513
22783,0.03226565776490123
22784,0.0317718732269905
22785,0.754100527842508
22786,0.8030872059799341
22787,0.034806273463839375
22788,0.03513188929908132
22789,0.6143227378225498
22790,0.04691925199732946
22791,0.8762435077868342
22792,0.12086513682813993
22793,0.0691220394820567
22794,0.033201224497916015
22795,0.6653260091466151
22796,0.889888337156004
22797,0.6544843010707873
22798,0.7332157560121045
22799,0.6145199562599836
22800,0.04565302349959484
22801,0.056155258852793155
22802,0.13385793674631988
22803,0.033614447052592
22804,0.4565845844728774
22805,0.06294013394727528
22806,0.36381230867100744
22807,0.04052738445802824
22808,0.18636440291078732
22809,0.8497535426684519
22810,0.04935453979332968
22811,0.40689929449473616
22812,0.039004727296760994
22813,0.03656268917803511
22814,0.18126655553287008
22815,0.03402134667924669
22816,0.6417402972892867
22817,0.03392746643813021
22818,0.3178095269019438
22819,0.5788029713895241
22820,0.09400957469188004
22821,0.26791334507681586
22822,0.8293461611780311
22823,0.29879846483597466
22824,0.03514885616890458
22825,0.1421607727348416
22826,0.052155472468466135
22827,0.03356450046445477
22828,0.5294246910062728
22829,0.4317811467452708
22830,0.04316726663239903
22831,0.414715276164361
22832,0.033812924638083046
22833,0.86853323264189
22834,0.24522897582956601
22835,0.7809367001810488
22836,0.6922050517837955
22837,0.3549697542982291
22838,0.08669667775861044
22839,0.09826634771606525
22840,0.13114968351937187
22841,0.7715822363298457
22842,0.8376851609755901
22843,0.03432775861162765
22844,0.039036372319271234
22845,0.03264695773755018
22846,0.04423590962873994
22847,0.03384565322312202
22848,0.04796483951489648
22849,0.03386852185105496
22850,0.03545025007513094
22851,0.7102448819487792
22852,0.34585743806066704
22853,0.037985017446730614
22854,0.04860440394846143
22855,0.37018361179675197
22856,0.6533917860083152
22857,0.6581980284720865
22858,0.03147222035548288
22859,0.7273580408564542
22860,0.4324916449918077
22861,0.051485482223326016
22862,0.8759008198421543
22863,0.047868728552942275
22864,0.06712279554024855
22865,0.8011721154302239
22866,0.04226181239342574
22867,0.7986261135504364
22868,0.05144670698415557
22869,0.8451715595253404
22870,0.8399840248391552
22871,0.7471782688387281
22872,0.6658790270314481
22873,0.035871373036795974
22874,0.1578455933451901
22875,0.8382519902143599
22876,0.17411745406926624
22877,0.03355486651796325
22878,0.14092173612773753
22879,0.8604280045331778
22880,0.7554287133335328
22881,0.15769533201516023
22882,0.74074955890073
22883,0.05418281919200797
22884,0.04853912293986293
22885,0.4439137338710183
22886,0.8059629877309372
22887,0.06299512121866652
22888,0.031798646341272656
22889,0.7544457921513612
22890,0.31000398796634987
22891,0.03279388228315974
22892,0.03924971765499117
22893,0.31170578868161186
22894,0.4580924324908239
22895,0.03269623591686444
22896,0.059106241550213455
22897,0.3512764426833873
22898,0.5412351864865657
22899,0.2855731870381929
22900,0.6350869638930045
22901,0.03528460791484511
22902,0.8542682513863602
22903,0.5976700112879817
22904,0.8940255075543824
22905,0.03528961617859478
22906,0.031661893260567626
22907,0.06276556074219236
22908,0.6314251270119285
22909,0.044326596588323774
22910,0.6687257633947721
22911,0.7318009269032896
22912,0.39425100591506124
22913,0.03215020358375723
22914,0.3679182472185105
22915,0.03989818711237021
22916,0.8365871081613971
22917,0.6782186205590139
22918,0.06821460994742723
22919,0.4997280085280307
22920,0.2784610033173519
22921,0.8823643037241824
22922,0.7974355758997967
22923,0.04356703189390652
22924,0.31656196971475425
22925,0.3884792020645027
22926,0.03485931625436988
22927,0.7937258491339361
22928,0.17186103229395738
22929,0.19933710971923277
22930,0.13960981994201932
22931,0.865065988205166
22932,0.29436430370499467
22933,0.8447270588894478
22934,0.5725600187847564
22935,0.4407371085714529
22936,0.03341698047668661
22937,0.8974784940119471
22938,0.7899795616950449
22939,0.03938914685373174
22940,0.052493555815994714
22941,0.03454667680896402
22942,0.039405289082057565
22943,0.33659513175767924
22944,0.5022870795439156
22945,0.5024738637110429
22946,0.0331758570737773
22947,0.8175624322415689
22948,0.03166495706031103
22949,0.7851592746193897
22950,0.7334050792620379
22951,0.4733850256933291
22952,0.6343492281362407
22953,0.7538952738896032
22954,0.03551956532128834
22955,0.046020852984264365
22956,0.859465369135187
22957,0.03849687070319404
22958,0.06883416004359491
22959,0.03338492082986052
22960,0.21126836169386745
22961,0.8971843859891127
22962,0.41429977043776023
22963,0.7205181619646548
22964,0.2845611719591389
22965,0.7275506794237709
22966,0.04593299313309224
22967,0.04992084331166333
22968,0.03382604471135088
22969,0.052607465970311684
22970,0.7822743559706589
22971,0.05421373204233791
22972,0.2572300091222197
22973,0.041701735045918606
22974,0.5990552318306397
22975,0.8824388597654722
22976,0.8110355704836413
22977,0.033322076474445156
22978,0.3496513264466063
22979,0.7107035428047364
22980,0.6817984269989592
22981,0.05398782156332278
22982,0.6580914687277386
22983,0.032015343411567976
22984,0.6732028274671281
22985,0.757734975837748
22986,0.8825068620514924
22987,0.032285666388093055
22988,0.6001478015950691
22989,0.8545243341276105
22990,0.039579524175144376
22991,0.8227624588771588
22992,0.8758400677385338
22993,0.06912704810971648
22994,0.034365691255684616
22995,0.27648447796413284
22996,0.055170564811242925
22997,0.033243032629713634
22998,0.6115975721732919
22999,0.5092880468232902
23000,0.03699184284903856
23001,0.2414948161861057
23002,0.8242538718890451
23003,0.23035819555768408
23004,0.3339105699316306
23005,0.27461940375558697
23006,0.046561913080259934
23007,0.41521737785140334
23008,0.04013372806664185
23009,0.08521416070064686
23010,0.26401607604191824
23011,0.30412616316594715
23012,0.037147116408357585
23013,0.08030462896194862
23014,0.03184736486313869
23015,0.8971769774743997
23016,0.049328248250175295
23017,0.04190454823903707
23018,0.7968389790048185
23019,0.275552998988707
23020,0.8440875559176222
23021,0.3471182539914875
23022,0.27978505818989724
23023,0.7028480811051259
23024,0.5866590637066673
23025,0.6027936617642272
23026,0.27011217499267065
23027,0.055707240704727254
23028,0.04632366265722969
23029,0.7039554220873394
23030,0.3447233411614262
23031,0.864452055694305
23032,0.7046411604603057
23033,0.03422424473804743
23034,0.2178393652047689
23035,0.532658771343958
23036,0.13333583411685834
23037,0.3374775294550336
23038,0.46529657464678364
23039,0.6461733062620737
23040,0.036041953404187727
23041,0.26017090070980853
23042,0.05643843636635955
23043,0.8834243150214404
23044,0.7393929711110769
23045,0.08016521699338133
23046,0.03618196114422483
23047,0.5554758290999647
23048,0.8952548830188896
23049,0.6677557421276362
23050,0.3099844100663427
23051,0.587338805098334
23052,0.04324338925139085
23053,0.03524450125039519
23054,0.05114401679092548
23055,0.03723038674192258
23056,0.034160354912744356
23057,0.21257593166511402
23058,0.7188922545481651
23059,0.042550410348770586
23060,0.5936427465160032
23061,0.04934023667221846
23062,0.41986203774057146
23063,0.6146300777586633
23064,0.39465019268198176
23065,0.7557387159164333
23066,0.2918033412830762
23067,0.038039850503600335
23068,0.677138372470656
23069,0.33621313671994973
23070,0.5197831539689332
23071,0.06579156048703662
23072,0.869432125590068
23073,0.8898543423145298
23074,0.5868815683170765
23075,0.03104630980879545
23076,0.21830396122172158
23077,0.7180318932370469
23078,0.5260437915086329
23079,0.41814989546249387
23080,0.033486528937905484
23081,0.03475803793496708
23082,0.36355523200556694
23083,0.04133872270061058
23084,0.8174189930766511
23085,0.03728143175239386
23086,0.03646913326931792
23087,0.0339885601718636
23088,0.04557106404424098
23089,0.8824424123730359
23090,0.7301803946990035
23091,0.6882734818038025
23092,0.3379833011572913
23093,0.03462663148135875
23094,0.4727544356244827
23095,0.20032564723488014
23096,0.49287521641906856
23097,0.789956771351166
23098,0.7477648428372683
23099,0.05032399069224477
23100,0.19770957873410946
23101,0.6881645339516885
23102,0.03592752722385307
23103,0.6751520674432833
23104,0.03508074560265678
23105,0.7262704850762497
23106,0.05503929457202336
23107,0.8199048499810905
23108,0.9043419138030857
23109,0.5056026626635457
23110,0.04005771172108814
23111,0.8432491674918496
23112,0.03257522939266086
23113,0.24257324372584538
23114,0.320662266035235
23115,0.7337885319089346
23116,0.09968367761359526
23117,0.710544884016143
23118,0.04045791534658698
23119,0.78232013458189
23120,0.16523329998117825
23121,0.16255765096664446
23122,0.8567815519133128
23123,0.06930382968910974
23124,0.27168325421588313
23125,0.03688212927748861
23126,0.03733479439469917
23127,0.06004919275399837
23128,0.03357926006820849
23129,0.04466859932465904
23130,0.7301940390712761
23131,0.04902331373156023
23132,0.03803148178847227
23133,0.249429990717556
23134,0.03408875909144292
23135,0.03405924441873427
23136,0.8069976429628162
23137,0.4605079741254902
23138,0.3443076927805672
23139,0.04426012806510649
23140,0.056620160059989516
23141,0.7817271383786124
23142,0.7481960303363595
23143,0.8044678303576286
23144,0.3967552640702547
23145,0.7883906791449586
23146,0.84110109977461
23147,0.8029231592343122
23148,0.04251453903609742
23149,0.8084558506561348
23150,0.034644964865289715
23151,0.30016046826924797
23152,0.4592435583498462
23153,0.041490308175854314
23154,0.88793629915106
23155,0.8293842898240369
23156,0.3365443972892256
23157,0.33475094766103036
23158,0.8090209844655399
23159,0.5720122164170977
23160,0.03693822239069154
23161,0.03637028208954915
23162,0.035213112473130026
23163,0.5482380720634172
23164,0.8654878570122619
23165,0.9048296307892324
23166,0.05426321208499626
23167,0.0790885703336058
23168,0.03282582044082353
23169,0.0364492590154188
23170,0.0591574692459504
23171,0.8333002361965498
23172,0.17677326805430046
23173,0.041084016243764
23174,0.031243965921482122
23175,0.6673891749813207
23176,0.8700049584070598
23177,0.6013379214540342
23178,0.04199314991937762
23179,0.036330091225669256
23180,0.4583278556585739
23181,0.6957081777615433
23182,0.8772322723609167
23183,0.880166494284774
23184,0.6817535788133072
23185,0.03408191622461783
23186,0.8950831679492648
23187,0.1372282704586442
23188,0.7272905952609873
23189,0.05362455103493664
23190,0.18314986723446405
23191,0.832156869770186
23192,0.044558729716664344
23193,0.7887847705333542
23194,0.21477328217235808
23195,0.7647795221187788
23196,0.7894161933134884
23197,0.5742120153152045
23198,0.24020717443175188
23199,0.6608237379879403
23200,0.42663752276659833
23201,0.04504283581521233
23202,0.03455842874113691
23203,0.04021645083885084
23204,0.04719509452043171
23205,0.8211201855791106
23206,0.8981549572102977
23207,0.25691033332116475
23208,0.03290129255049975
23209,0.05786460954934392
23210,0.03242799800406801
23211,0.05182971313003724
23212,0.557032292386747
23213,0.035216567984540745
23214,0.6405690532238086
23215,0.5164950784316693
23216,0.04401348653003603
23217,0.6129738929231794
23218,0.03553436469071
23219,0.18475155837950236
23220,0.03354364500912237
23221,0.5620226744111079
23222,0.5561905320539524
23223,0.041435380962235466
23224,0.04054935620152829
23225,0.0449538006978651
23226,0.04203276060074039
23227,0.8436205888987436
23228,0.053453137150203965
23229,0.0421130672510571
23230,0.06450624305142083
23231,0.345937232440628
23232,0.4938624641759248
23233,0.5712811464548019
23234,0.03676641038682551
23235,0.812477958845329
23236,0.03425068655646193
23237,0.06705325286938833
23238,0.8247507035843655
23239,0.36444287940772646
23240,0.24290214676008554
23241,0.032513088023660396
23242,0.5524857192274554
23243,0.3224983837686191
23244,0.03334179046328121
23245,0.06786621672057915
23246,0.5616881201644193
23247,0.71154673733656
23248,0.03339414152883387
23249,0.03156606498293813
23250,0.03187519557338621
23251,0.05411746491201774
23252,0.6693149088150276
23253,0.8800094721600022
23254,0.04295909300827172
23255,0.2605395454697088
23256,0.038011926031498985
23257,0.6277505052721711
23258,0.8655197366702532
23259,0.20050863901377575
23260,0.45313293873785676
23261,0.5973825052415712
23262,0.8848464364172453
23263,0.3047777407259164
23264,0.8136929784345202
23265,0.8294250273049919
23266,0.2968508739720732
23267,0.5048195374353203
23268,0.17021540332529356
23269,0.03557493140585785
23270,0.832990650491534
23271,0.046945373565127346
23272,0.6614337063762845
23273,0.04779797305031243
23274,0.28621472331895337
23275,0.807875843824285
23276,0.03452248128036272
23277,0.6868648794230807
23278,0.6380047291398177
23279,0.03589676067365555
23280,0.9079065302552378
23281,0.12393055613717326
23282,0.07700464407216016
23283,0.8290143891494485
23284,0.758058794757884
23285,0.32264485640518425
23286,0.5305108474187337
23287,0.031918469008041836
23288,0.859128140663566
23289,0.6006307586803766
23290,0.03426660019184222
23291,0.5550331403750718
23292,0.5720773004207137
23293,0.6624471509998141
23294,0.6609599549830338
23295,0.41627003286026265
23296,0.6059929935704291
23297,0.7365605833819125
23298,0.04556437787800323
23299,0.03282112826710265
23300,0.15897750167320132
23301,0.7787760756329515
23302,0.03514253838660661
23303,0.3991858633519824
23304,0.7133457140137726
23305,0.8589521365293444
23306,0.8127131620172292
23307,0.5130949952140269
23308,0.7862875639686593
23309,0.7417608681343782
23310,0.036212466780443237
23311,0.19181956406253237
23312,0.04960181058335947
23313,0.21548702737665243
23314,0.03651561942814769
23315,0.7404375009355262
23316,0.8716299194499525
23317,0.6259755816923626
23318,0.538390074401681
23319,0.1547761884938288
23320,0.8207809649682296
23321,0.031106459869344724
23322,0.334608551333565
23323,0.07513152812389404
23324,0.4755517450877601
23325,0.4865081706267459
23326,0.04159826534499601
23327,0.17487089420336344
23328,0.034488029296017304
23329,0.43656976033670764
23330,0.1582710391119593
23331,0.03508275151617734
23332,0.34828840509606107
23333,0.7628944003231348
23334,0.03475082503725881
23335,0.8290157988801166
23336,0.6486276887333966
23337,0.60522195294152
23338,0.4816014996416891
23339,0.10863504119413048
23340,0.11720517969694658
23341,0.6969201111640616
23342,0.05528585704248316
23343,0.12640823961944406
23344,0.6849679134380295
23345,0.5738541115793863
23346,0.03320916596720291
23347,0.6907573976041759
23348,0.8588680163654644
23349,0.6689709231603569
23350,0.038074975606539135
23351,0.1762942741080124
23352,0.7952743664493739
23353,0.5086635242840544
23354,0.040552920009383965
23355,0.05998150536208845
23356,0.04316241449713
23357,0.05458595067258647
23358,0.31475586923167825
23359,0.42789451342027796
23360,0.8011932921541715
23361,0.9183002731880867
23362,0.03348965835322164
23363,0.03329206740687875
23364,0.5266431581169368
23365,0.03405082718547702
23366,0.033384243053403886
23367,0.07740870920259751
23368,0.041699389817343835
23369,0.03448603070996269
23370,0.65084775034128
23371,0.2882709541476445
23372,0.04284133336000333
23373,0.16945947203721562
23374,0.1544973788799358
23375,0.20092944709937988
23376,0.03324557500748754
23377,0.03532377271840129
23378,0.8318916901893036
23379,0.03323242090160122
23380,0.8780817915318155
23381,0.7152948105793118
23382,0.818652442045997
23383,0.8365092543238747
23384,0.7398002818397695
23385,0.03504299405540962
23386,0.8496481371188129
23387,0.03480722821922909
23388,0.04042059233496535
23389,0.04988365329603186
23390,0.05764133993037433
23391,0.03822641817193491
23392,0.6698079454426897
23393,0.18581345445816289
23394,0.0359912008740951
23395,0.17241433289409983
23396,0.6071318162471595
23397,0.7356442863894344
23398,0.20205335609630354
23399,0.6114330385651917
23400,0.044502093443167676
23401,0.7857664381399715
23402,0.8228818619994035
23403,0.035895890664944155
23404,0.8003439670422019
23405,0.03228949025942801
23406,0.7391762238168127
23407,0.037122691534894836
23408,0.4848888590520515
23409,0.6568102559967869
23410,0.033324911106191554
23411,0.03145503747635057
23412,0.04135429901023855
23413,0.0625672048815541
23414,0.8600577074068818
23415,0.6367211197248999
23416,0.11317091705745719
23417,0.43119880044872255
23418,0.047067799139716676
23419,0.0889380385400339
23420,0.6649620616417646
23421,0.03600048182429615
23422,0.04270482897613209
23423,0.3893619785490695
23424,0.8720793540843962
23425,0.4076035572213794
23426,0.03242802261159421
23427,0.1493288670989099
23428,0.741364082931572
23429,0.6179904937523396
23430,0.6262824330873163
23431,0.036238811294374756
23432,0.8449639757352055
23433,0.420157378080944
23434,0.8691117963997544
23435,0.033612764650944794
23436,0.03380602056172492
23437,0.632999370639639
23438,0.34626617250519665
23439,0.7976409030549572
23440,0.7629957732312005
23441,0.0469711771616863
23442,0.8239284023704816
23443,0.042267309810071284
23444,0.46636275492144014
23445,0.6689303673680604
23446,0.8454791319846573
23447,0.6833578314046342
23448,0.6898333574331919
23449,0.8498154572020219
23450,0.03463116480210264
23451,0.03840280232327749
23452,0.71265899831613
23453,0.09911124576873269
23454,0.44274537304675754
23455,0.54798658877549
23456,0.6263839429359607
23457,0.21586692321375023
23458,0.8275849461101716
23459,0.8542591787866836
23460,0.03801964747695792
23461,0.7010676428964412
23462,0.4323956210777224
23463,0.3349700428674416
23464,0.032695792151213876
23465,0.03376430526153029
23466,0.28399656328429823
23467,0.03327508235158992
23468,0.8005772865054448
23469,0.03542189917376171
23470,0.036644513346016316
23471,0.0321285918267145
23472,0.03741237681363896
23473,0.4380125068836428
23474,0.03909517323207537
23475,0.7886521649347402
23476,0.035249790098322534
23477,0.5773982153981879
23478,0.9096684604472155
23479,0.27398133212121367
23480,0.03548099131787712
23481,0.6327924507484346
23482,0.8262862117056675
23483,0.05723349187465469
23484,0.03469380332373284
23485,0.03495882948908728
23486,0.6283403554099726
23487,0.032073428368664406
23488,0.4835762369107659
23489,0.19551002116106353
23490,0.03553471347353924
23491,0.03312694666684604
23492,0.033373162827895694
23493,0.7937253678550918
23494,0.5323740721907901
23495,0.03743138857300757
23496,0.7088722315341635
23497,0.06565483742802501
23498,0.6038666449334967
23499,0.0526177913776643
23500,0.04909582092177443
23501,0.5255320785813106
23502,0.03165000923002127
23503,0.4063026737426947
23504,0.8375071688030689
23505,0.517012198806365
23506,0.16276813193907014
23507,0.03141230787871914
23508,0.8306160599004611
23509,0.34763022701583024
23510,0.2404126500916097
23511,0.06672538431584868
23512,0.9096697320896239
23513,0.3683053418439911
23514,0.5806401776109714
23515,0.6682280269381488
23516,0.5592106227745026
23517,0.7124099058789923
23518,0.5797666227501419
23519,0.8269659771408373
23520,0.06320576558471207
23521,0.8943929093782725
23522,0.6968837402814931
23523,0.12894180803909228
23524,0.5559252515159346
23525,0.877228416366393
23526,0.33628717550101955
23527,0.03478607850730753
23528,0.7262268543948419
23529,0.7626177844609567
23530,0.03656187230484888
23531,0.056331662519708996
23532,0.032493567868099094
23533,0.062305288423481334
23534,0.04207884743451846
23535,0.8208466179214706
23536,0.45453899930120023
23537,0.034027335598092165
23538,0.7306553528355358
23539,0.8626172932701324
23540,0.6440288142284225
23541,0.6828648861845852
23542,0.04689612242113407
23543,0.7715734116260384
23544,0.8803612482891789
23545,0.03294637732989876
23546,0.03629110146207154
23547,0.8958828162630899
23548,0.7809846960682258
23549,0.03405034637592773
23550,0.0535417986239666
23551,0.33456052959213184
23552,0.6311109126174808
23553,0.03602994182252652
23554,0.03190722765780052
23555,0.7678744997232216
23556,0.22610737902524447
23557,0.03670980905087285
23558,0.8603550596926647
23559,0.8191441247461863
23560,0.03674155055689429
23561,0.8480466614371227
23562,0.1419036645499403
23563,0.673831295216244
23564,0.06461759557150638
23565,0.06514606718993098
23566,0.0323699404267617
23567,0.699621609143626
23568,0.603654554898401
23569,0.030954958280965582
23570,0.8601628544892369
23571,0.03889664815223313
23572,0.0345761239878245
23573,0.0490392765575752
23574,0.6477724355823906
23575,0.8428173417992508
23576,0.7534494125734547
23577,0.035428299895940873
23578,0.6626138474642711
23579,0.6902426177514878
23580,0.7433232645866492
23581,0.03788714892746155
23582,0.0607556235187005
23583,0.05947494671578983
23584,0.8949558218732486
23585,0.03476222798232872
23586,0.826166975104706
23587,0.6944930434246147
23588,0.03612350470090828
23589,0.05699294201137245
23590,0.6966338504193883
23591,0.5067615215799972
23592,0.1664807030110894
23593,0.04365490606924066
23594,0.6506611812166557
23595,0.05067417610189057
23596,0.058967210599524075
23597,0.4163288445345584
23598,0.5489538430395825
23599,0.8339252310701503
23600,0.21937784319291215
23601,0.03592002739780678
23602,0.6823721566226609
23603,0.8455910541733069
23604,0.8374776377472892
23605,0.62089751773636
23606,0.3821424152315055
23607,0.03493666129613539
23608,0.8191132178596996
23609,0.03258872973569251
23610,0.7516336915845727
23611,0.15077416416562267
23612,0.04241931877601292
23613,0.24083509707465628
23614,0.0418809704803335
23615,0.035160203298720744
23616,0.03736797697602918
23617,0.05301377836239195
23618,0.8026614802928524
23619,0.7660827791536484
23620,0.03873062963606432
23621,0.7090601098160221
23622,0.34981018135627345
23623,0.035757582894241365
23624,0.7345741083167585
23625,0.6732704439672607
23626,0.03691866233111321
23627,0.7934613468440883
23628,0.5447712757815917
23629,0.04155487649998896
23630,0.8510541176096277
23631,0.03949497688682109
23632,0.03888470183135846
23633,0.8452780888444313
23634,0.6382820883329166
23635,0.4464210247546653
23636,0.13550054826950692
23637,0.7590199321845297
23638,0.7285011421447615
23639,0.6219829082882096
23640,0.037762884635468896
23641,0.5034564315762959
23642,0.3886713735891077
23643,0.5892369410871795
23644,0.8251670984781898
23645,0.038246003134417686
23646,0.03756271677130498
23647,0.527005533187936
23648,0.4224527320522259
23649,0.034688335572705474
23650,0.049410320930408556
23651,0.05269779210385211
23652,0.5193620732461598
23653,0.5067434362010346
23654,0.37811877364257673
23655,0.11804093869968026
23656,0.03461168961347608
23657,0.21624326363877652
23658,0.8706459310245245
23659,0.3422124417075906
23660,0.894600068339951
23661,0.23094811312702537
23662,0.6003849421602016
23663,0.05215223000352474
23664,0.42888791530669834
23665,0.039731116785180945
23666,0.2402423695505405
23667,0.5865359521137812
23668,0.04149228397644209
23669,0.8627903430502273
23670,0.6618319361759202
23671,0.700115481661148
23672,0.8596316534348635
23673,0.5585454937432353
23674,0.7782540559530656
23675,0.8039759738430606
23676,0.8915781483418865
23677,0.035217173349082545
23678,0.04543335002547974
23679,0.048449963970432997
23680,0.04050595555082609
23681,0.490724073455044
23682,0.033579176623367936
23683,0.03601989240710887
23684,0.036606612998905726
23685,0.24038190322090117
23686,0.35518293833671766
23687,0.7158348379278967
23688,0.5233930738082552
23689,0.07602884432700137
23690,0.03940931086455516
23691,0.04695691116083038
23692,0.03811552804927843
23693,0.03314085201761046
23694,0.7228492234324804
23695,0.2227173066245194
23696,0.06304602937075318
23697,0.17998623939557545
23698,0.043573892974182155
23699,0.03742431500826135
23700,0.8568908658777359
23701,0.032122336969818394
23702,0.5414891418631687
23703,0.7553656528995704
23704,0.8248361745576386
23705,0.03578341586997062
23706,0.0404769146653463
23707,0.03314590246264567
23708,0.0436188710269047
23709,0.49585386412230664
23710,0.8884853540698843
23711,0.03138288095639348
23712,0.04721380242197775
23713,0.4037264987655592
23714,0.5289132514728324
23715,0.034514002999428355
23716,0.14863472007484438
23717,0.033461269051199304
23718,0.044108212215951265
23719,0.23774294541744034
23720,0.04143222621090689
23721,0.034020935995629394
23722,0.8491416412766515
23723,0.07170740239012721
23724,0.038204024661443355
23725,0.03191987253906654
23726,0.8555298106824878
23727,0.65059684277268
23728,0.6285972567638084
23729,0.3149513849761775
23730,0.0501076744187072
23731,0.05206822619162664
23732,0.4470088938748861
23733,0.7099986139631844
23734,0.33921750342071066
23735,0.5905968754470884
23736,0.11113273165441398
23737,0.03412425723923089
23738,0.8935776011038101
23739,0.8055192421429664
23740,0.04296992315992654
23741,0.03325654707767451
23742,0.14443260646597336
23743,0.04165459716192262
23744,0.7731043847042083
23745,0.21619035587264585
23746,0.07376641635278736
23747,0.41491321169739004
23748,0.036595189949270704
23749,0.4678023122667572
23750,0.2792774215295788
23751,0.22573547627967241
23752,0.5192793833362687
23753,0.033848282975548316
23754,0.03594650324613999
23755,0.7418885951884775
23756,0.03722401139940152
23757,0.39498898019245376
23758,0.41298887013692087
23759,0.03533650463477296
23760,0.1275255398454927
23761,0.1596673497951781
23762,0.6209253484123664
23763,0.04934662850693523
23764,0.03550080775809911
23765,0.033330093866543856
23766,0.4156665412523575
23767,0.9055569462824477
23768,0.8127092153400602
23769,0.24634947778013397
23770,0.7004341513121249
23771,0.03649703197481647
23772,0.03365795099328282
23773,0.03535341983395345
23774,0.0906414956879109
23775,0.032954036423666816
23776,0.19869828589195468
23777,0.40816737277129955
23778,0.043140464744637466
23779,0.8786988206598874
23780,0.1767373052049997
23781,0.03684313823413757
23782,0.8692737850258492
23783,0.8419321876541634
23784,0.03311842131230572
23785,0.04052699275333692
23786,0.8871534152734784
23787,0.3503410303276668
23788,0.03866967118143393
23789,0.031758588592405955
23790,0.05410882709340298
23791,0.03898660010731046
23792,0.6138313050124764
23793,0.03965792651079708
23794,0.034818620455122656
23795,0.07863375788108883
23796,0.8667698572379485
23797,0.5203247929773855
23798,0.15684995047924896
23799,0.4333855642943148
23800,0.19633004217362698
23801,0.5811883101301484
23802,0.8163409661522674
23803,0.04894167303351188
23804,0.6368324004265872
23805,0.639198204053098
23806,0.03150913611700228
23807,0.03935500727567034
23808,0.7888870262838866
23809,0.7856111167871126
23810,0.5027060286092768
23811,0.8364549125588043
23812,0.4190405732350664
23813,0.8743063733251746
23814,0.37766485391813953
23815,0.08460246899195031
23816,0.6783833627920494
23817,0.41053632901075765
23818,0.049591135550436524
23819,0.4787115599184808
23820,0.9218473997622226
23821,0.031294333254225204
23822,0.0679125770641402
23823,0.32149640276862523
23824,0.05182566432588136
23825,0.04538013178071595
23826,0.6922111498065209
23827,0.3043555344495752
23828,0.5844985516419376
23829,0.03372335848254291
23830,0.8199160107330213
23831,0.882618814059865
23832,0.04372548174687213
23833,0.04678866667570017
23834,0.04017271751719477
23835,0.22261759015414512
23836,0.4566404545785263
23837,0.6026572682156425
23838,0.9035459050248488
23839,0.40242330965909007
23840,0.73031448567803
23841,0.05139055855059421
23842,0.3220210095933194
23843,0.8068279628788575
23844,0.26234558401434294
23845,0.4663793095466537
23846,0.033487623127659225
23847,0.09500455361416926
23848,0.7013665507001442
23849,0.047955514500304594
23850,0.24018316463993378
23851,0.8481040242558893
23852,0.044465473360936036
23853,0.04511544286395237
23854,0.25689608016351634
23855,0.0922239897453668
23856,0.03316744432834387
23857,0.031749726258469946
23858,0.25612123177466756
23859,0.11959906174661528
23860,0.7285762639582091
23861,0.7924790864706938
23862,0.03692411822598821
23863,0.8123077717376707
23864,0.893686279392198
23865,0.09213535505017548
23866,0.32678387119990865
23867,0.5591015913210733
23868,0.7748701934169753
23869,0.4228932453549697
23870,0.6385817739296483
23871,0.19160496257458243
23872,0.18718191766447254
23873,0.5170210897650677
23874,0.04390668744497219
23875,0.03612887223185994
23876,0.036337510970397245
23877,0.8159314767309419
23878,0.03692881701965421
23879,0.8118061805790442
23880,0.034877158258656324
23881,0.8611535230370511
23882,0.7163253708424079
23883,0.31793002946477583
23884,0.03584629773705442
23885,0.04321330982286389
23886,0.33376183821768013
23887,0.7763736118049593
23888,0.6244674681891637
23889,0.7559883906680712
23890,0.5202585757125647
23891,0.05788768840114934
23892,0.5853551097385841
23893,0.4819517014477597
23894,0.03535321560028801
23895,0.03375296249049862
23896,0.5320822322726011
23897,0.03534053980094572
23898,0.0598956873423097
23899,0.9015732536916552
23900,0.5169866637855133
23901,0.5430876014126951
23902,0.46936603294436474
23903,0.7356993754355341
23904,0.5681786335421531
23905,0.31544336912626425
23906,0.040598032940607875
23907,0.6786126881218718
23908,0.12441573605739613
23909,0.04505772069497274
23910,0.8315185816818422
23911,0.8468333771509906
23912,0.3768042599464323
23913,0.8921380456916437
23914,0.41333145180708475
23915,0.05602264687725575
23916,0.6758723396585848
23917,0.044959067195272345
23918,0.782670926002426
23919,0.03466942769519414
23920,0.1676238152428124
23921,0.8468585613636082
23922,0.04001675719751967
23923,0.8574668472216695
23924,0.31498762333499786
23925,0.037688018297594106
23926,0.44667656257012733
23927,0.2608261387446102
23928,0.6039172885545641
23929,0.5224714399674896
23930,0.7234293896879003
23931,0.03348537475951304
23932,0.27851589381991154
23933,0.1202556332101418
23934,0.21157481451404683
23935,0.483310972913446
23936,0.03645030177488635
23937,0.03358576072218372
23938,0.377280233954864
23939,0.05923036796617172
23940,0.04072854153190357
23941,0.37282722574616983
23942,0.08103329284015287
23943,0.386761293789597
23944,0.26561120148930994
23945,0.03212746985041381
23946,0.5604467875085971
23947,0.03799470520857699
23948,0.5524172064163195
23949,0.5968997286103538
23950,0.05680794340590431
23951,0.03923705644914881
23952,0.03367387826734259
23953,0.8538793122072192
23954,0.5307206672039054
23955,0.04676521541903379
23956,0.5244612421406076
23957,0.7141109673437511
23958,0.043735519937194295
23959,0.25806157423133086
23960,0.8676912286496838
23961,0.7982059585247188
23962,0.7619406515608077
23963,0.397583574370188
23964,0.5384211914428088
23965,0.6391385184340861
23966,0.728931515036409
23967,0.45085255927118045
23968,0.7992954789273998
23969,0.8124870733441372
23970,0.729102705508162
23971,0.769201035632685
23972,0.8542640039686882
23973,0.03322624988970425
23974,0.041593486283374406
23975,0.20369348447490176
23976,0.04394581717067933
23977,0.03994976724778305
23978,0.5262552625087122
23979,0.037691988130748554
23980,0.5409562660512905
23981,0.6339430576650993
23982,0.6261814904245459
23983,0.331295197877407
23984,0.03398250532281163
23985,0.8078983379278485
23986,0.034470260874093134
23987,0.38211190859174704
23988,0.039638830688490286
23989,0.31493612991907627
23990,0.20178678037068098
23991,0.7478803249811112
23992,0.26152067460517664
23993,0.03622635235157849
23994,0.03255421230440307
23995,0.037575335725237614
23996,0.30098975820289975
23997,0.6944075045552276
23998,0.03504654235777858
23999,0.6779957761291393
24000,0.8068599248983358
24001,0.037228334994758784
24002,0.8879160841893379
24003,0.0327446948592791
24004,0.03719508627725648
24005,0.8956028460099594
24006,0.03833206685623335
24007,0.8713250716595161
24008,0.033948059848748796
24009,0.7426971791343127
24010,0.5764688663097224
24011,0.8875032781541551
24012,0.06591768880838722
24013,0.04548242083979624
24014,0.03386941785796689
24015,0.13821040686996214
24016,0.5912915559319959
24017,0.44066804362069717
24018,0.3562066059413794
24019,0.8325382522790394
24020,0.32528697027169373
24021,0.1327987395701268
24022,0.26651891279261075
24023,0.40453335168475624
24024,0.03396343313303293
24025,0.1272918015298856
24026,0.6961073991987994
24027,0.06596586854607264
24028,0.18764578931453818
24029,0.04479548348817877
24030,0.7843567066954793
24031,0.03398722145800622
24032,0.031609332604431724
24033,0.8957548527379728
24034,0.03382278274393773
24035,0.03173058867312213
24036,0.03226441686077318
24037,0.5030717607685602
24038,0.7087363043173842
24039,0.8677977130811817
24040,0.0339733350307829
24041,0.036348077174955244
24042,0.3521050984912477
24043,0.7942977012111607
24044,0.03117385155192427
24045,0.2490005220472225
24046,0.037250919457288686
24047,0.4553897366229467
24048,0.2996279024869174
24049,0.045865365014281845
24050,0.8672877072774785
24051,0.5323280059486795
24052,0.5797530284752068
24053,0.7906559130910308
24054,0.03457019763519466
24055,0.03896341179485643
24056,0.9030590864347547
24057,0.03218806065634558
24058,0.10864364182200459
24059,0.04748009005176293
24060,0.7644253454416051
24061,0.08925035233080111
24062,0.7779217972890191
24063,0.7645913506791983
24064,0.049147698008467244
24065,0.04322995950895185
24066,0.032532387857067795
24067,0.5909869327612536
24068,0.03492742444722201
24069,0.85362429368423
24070,0.03315863176893889
24071,0.24566052891193874
24072,0.0519016487682826
24073,0.7601141974374516
24074,0.6991660542449714
24075,0.03201838219464141
24076,0.6694171798885606
24077,0.5807183615768864
24078,0.03446054574321544
24079,0.10786625932013078
24080,0.03306436411032468
24081,0.6690887259253809
24082,0.03492252473592218
24083,0.13634355584357172
24084,0.15376340674509564
24085,0.8429749165058389
24086,0.3646672635147059
24087,0.7597134221559496
24088,0.7191809741912212
24089,0.03461033662614245
24090,0.03509050316494866
24091,0.705181810462155
24092,0.259522648228606
24093,0.07344917081059955
24094,0.8967542921274743
24095,0.8718846689012154
24096,0.03543051075234815
24097,0.03592700123802037
24098,0.06687328668286778
24099,0.5655783265123598
24100,0.12093400284759483
24101,0.7721961150508582
24102,0.05899923471849876
24103,0.45094785915830427
24104,0.8914374787494728
24105,0.7037009058808905
24106,0.8613194004142518
24107,0.7903462705989045
24108,0.7630403213969541
24109,0.034028615828315734
24110,0.062787129277899
24111,0.49238598817102797
24112,0.8209077927796293
24113,0.15532873952928952
24114,0.03742469179648532
24115,0.035295605814725704
24116,0.1261493656323967
24117,0.7768422371021327
24118,0.03906496183818085
24119,0.48189705097770685
24120,0.732340414237862
24121,0.04460952748623272
24122,0.8077226163458558
24123,0.4914408089102301
24124,0.034908695649506584
24125,0.26654236820967225
24126,0.03439328039442687
24127,0.6581451366559936
24128,0.17954470541244127
24129,0.710850257804586
24130,0.046827479034457366
24131,0.03264987493222986
24132,0.03625610643591468
24133,0.4923505191943563
24134,0.2321025044180992
24135,0.034648616778678386
24136,0.03480735073937284
24137,0.6745171602642362
24138,0.7684233326944896
24139,0.04261301495447198
24140,0.26100377792967033
24141,0.057596841840137115
24142,0.030971598155984346
24143,0.15405221474345224
24144,0.05113406300028351
24145,0.847860691145139
24146,0.039290042946615276
24147,0.052604687817146265
24148,0.03303511140763895
24149,0.8158800571145902
24150,0.8663847141184643
24151,0.7143803945154839
24152,0.043816082701815084
24153,0.8465982135527275
24154,0.040800918414412586
24155,0.43494305178363923
24156,0.04245134727676198
24157,0.7266560788629274
24158,0.034236293682021725
24159,0.04147397047333879
24160,0.5218814075032607
24161,0.8836514400421285
24162,0.25674232907079986
24163,0.471304959284072
24164,0.03648072779273154
24165,0.05966298606769194
24166,0.7588810432515058
24167,0.1450001624330012
24168,0.35296674751473833
24169,0.03376881270680194
24170,0.2206189064902057
24171,0.05645237823538873
24172,0.21094309826659058
24173,0.3221498042407479
24174,0.5626296845704014
24175,0.41021930828714914
24176,0.03735187914540141
24177,0.03163045956386849
24178,0.058699868812827405
24179,0.04063035509782473
24180,0.6478519501162269
24181,0.04655530825208541
24182,0.41268091531069095
24183,0.3598116440830207
24184,0.04936203956717243
24185,0.059293492039355834
24186,0.03301688956744551
24187,0.7979166786801879
24188,0.5633867970800881
24189,0.7661410009757315
24190,0.24573896695097042
24191,0.5739426989358178
24192,0.23688650340520578
24193,0.7384024195910437
24194,0.41160543137230243
24195,0.033274398180511
24196,0.4128295647508171
24197,0.03546616657820389
24198,0.7460896346371424
24199,0.800963749151455
24200,0.31252474665179486
24201,0.08333879926371121
24202,0.7507455218109658
24203,0.7679320048259862
24204,0.03169153767035138
24205,0.03322706199201316
24206,0.24067434607910612
24207,0.6906293480904231
24208,0.487931666299597
24209,0.09782505123455797
24210,0.8192423812471376
24211,0.1660947586608519
24212,0.10682117647723775
24213,0.04011007254935172
24214,0.03334443466501317
24215,0.874937311756582
24216,0.5028579349837125
24217,0.5802848852170895
24218,0.4469815414593642
24219,0.5705799934001241
24220,0.03203463204316155
24221,0.6496533949854131
24222,0.8588881080389431
24223,0.15816229698528644
24224,0.03456712201016807
24225,0.3135974084661096
24226,0.031885270449249256
24227,0.7867567631674494
24228,0.03211985293018929
24229,0.8502177047575092
24230,0.7793283425072173
24231,0.4499881142738982
24232,0.031880176149723286
24233,0.03362465994773626
24234,0.8624306335859038
24235,0.041232935123325834
24236,0.7829803253308792
24237,0.8766006970253661
24238,0.470418801162768
24239,0.03478368303502781
24240,0.777909117338951
24241,0.15101822655863342
24242,0.48672225829640514
24243,0.8081428979022172
24244,0.6992363212804943
24245,0.0361301451895433
24246,0.6362105874406613
24247,0.3792404317403844
24248,0.054318838624586835
24249,0.048495836920714366
24250,0.12136907887055506
24251,0.7921769687568581
24252,0.04106666230644969
24253,0.7953972686569935
24254,0.7261319587143917
24255,0.04197933698654581
24256,0.3245862880716386
24257,0.7728892543168907
24258,0.03353200521853445
24259,0.25856199314973344
24260,0.28533389912993795
24261,0.3620225044365698
24262,0.7879347181222903
24263,0.5455977100879348
24264,0.6316652339440173
24265,0.5034343523727279
24266,0.8112609514419011
24267,0.2776825450500779
24268,0.3625299574147142
24269,0.7367879997468276
24270,0.8384289515392174
24271,0.04217935036213748
24272,0.0358900319953206
24273,0.05981291657284806
24274,0.533489403477855
24275,0.034706925074595996
24276,0.04719357158079835
24277,0.04821287658122429
24278,0.6278671538803893
24279,0.8055682091976275
24280,0.2777063988820274
24281,0.033389947605016436
24282,0.03683349369526008
24283,0.4808296786812051
24284,0.12839479364001444
24285,0.3303723046653379
24286,0.5739232475677912
24287,0.033215257444038054
24288,0.643238772230555
24289,0.06158544253627337
24290,0.640174297146332
24291,0.03566286181578047
24292,0.6522930434389875
24293,0.036209484659570766
24294,0.3194921237881727
24295,0.5367126810396873
24296,0.08537256613200038
24297,0.45613545317792065
24298,0.03183680360362666
24299,0.03253779887957447
24300,0.5659059497841966
24301,0.12147219829459109
24302,0.1847387133253922
24303,0.6685341935012217
24304,0.4968321404476
24305,0.5753299267522773
24306,0.31461179278259854
24307,0.6711594591359727
24308,0.3668493320122094
24309,0.031322312976677195
24310,0.5540819186279689
24311,0.4900324528300056
24312,0.6187565912640701
24313,0.03402757510101782
24314,0.04233545799773437
24315,0.7539218463795911
24316,0.5323924581790999
24317,0.0438207513541453
24318,0.03450149189101105
24319,0.04791609973399373
24320,0.3652577329460869
24321,0.496766869963267
24322,0.1195008663901001
24323,0.7748591266939059
24324,0.3005556015760328
24325,0.03510484130551189
24326,0.890474478784131
24327,0.6728997372065038
24328,0.03463001907748893
24329,0.26634908985741923
24330,0.03763417189047228
24331,0.5653286191426444
24332,0.8314709664378673
24333,0.2277662464638167
24334,0.7470783077320057
24335,0.3574638457355127
24336,0.0601841954440266
24337,0.8158929556629221
24338,0.7722135752123358
24339,0.03575774147246963
24340,0.04335184504163613
24341,0.6452418392853041
24342,0.038201770593614494
24343,0.8856008111150898
24344,0.29478314672699574
24345,0.034032238894981186
24346,0.03576793296235647
24347,0.14772918945424723
24348,0.0568147316534
24349,0.08560768786098592
24350,0.2673841039220397
24351,0.8639379173507715
24352,0.034524276807727294
24353,0.8553763863899344
24354,0.5999852620645676
24355,0.29518992214856077
24356,0.7980331763721703
24357,0.6401783773526756
24358,0.3750030206184808
24359,0.2951623222180812
24360,0.8974013994364289
24361,0.03408868691706501
24362,0.036233720444207966
24363,0.7978388889075927
24364,0.035443334647207066
24365,0.058342752551993816
24366,0.8255116450289812
24367,0.037829858399337536
24368,0.03279577122775879
24369,0.4586342827011601
24370,0.05143026812138904
24371,0.6922630866215191
24372,0.034818322243957
24373,0.36334566050256045
24374,0.6712448641274789
24375,0.5474750364546527
24376,0.8568387274252364
24377,0.18329499313258446
24378,0.7682250348345271
24379,0.7793209642808855
24380,0.1616397099482321
24381,0.7041938617516409
24382,0.20483872874068917
24383,0.5527831311607972
24384,0.11246702127382668
24385,0.03479564081801971
24386,0.031590539950075616
24387,0.06290667505847379
24388,0.7104369638192799
24389,0.5235489888563272
24390,0.05076977125555926
24391,0.6672698031535301
24392,0.15200023383770744
24393,0.04153506504567145
24394,0.8590184697228751
24395,0.8754884671369715
24396,0.09625595316907568
24397,0.04418930395112532
24398,0.544330498669484
24399,0.15061644382874984
24400,0.04059972440800067
24401,0.035924368914565664
24402,0.6348082877577562
24403,0.8227727435351302
24404,0.06389272849180466
24405,0.03553628377829267
24406,0.04931717254282812
24407,0.04051214881222963
24408,0.03689825096877487
24409,0.8326478287540596
24410,0.8954947867480543
24411,0.3975458558336472
24412,0.860107074475835
24413,0.8152521168770805
24414,0.7387314126445483
24415,0.18847353621462287
24416,0.8847640653489712
24417,0.035053758670324106
24418,0.05419367700988031
24419,0.03742641286024959
24420,0.16514132412251237
24421,0.7154864291431513
24422,0.6414806349156439
24423,0.28978477794609614
24424,0.2090023802638546
24425,0.03351711447379487
24426,0.8201679679862537
24427,0.03331133836843496
24428,0.8547389207708976
24429,0.03437713529002553
24430,0.033504377983297765
24431,0.30590697240829795
24432,0.0317634371987234
24433,0.5059792959608175
24434,0.7242597275277152
24435,0.7907844834781674
24436,0.035101235191572176
24437,0.5418063866612388
24438,0.033062314102449565
24439,0.40312711761631526
24440,0.24538832430608318
24441,0.45915539609983536
24442,0.6341154562428735
24443,0.7492065858204793
24444,0.043823224862335
24445,0.6840596636945264
24446,0.8330945193732635
24447,0.03932632016811495
24448,0.6127538789240878
24449,0.03165387543957752
24450,0.04372156859786798
24451,0.032195766744064776
24452,0.04427908983196328
24453,0.8138485626505193
24454,0.29616216000996876
24455,0.8456256981603826
24456,0.03592983334908719
24457,0.8751569444196801
24458,0.8241139789933056
24459,0.7064810485942732
24460,0.44316992553951795
24461,0.04148318717506935
24462,0.03168534871916497
24463,0.03480035503321263
24464,0.052369452202490716
24465,0.769885161603977
24466,0.04406281714213616
24467,0.18437896611442334
24468,0.033756756078645214
24469,0.4021140602382899
24470,0.03833760446547758
24471,0.7411818744454577
24472,0.7393263067779956
24473,0.34913905942329826
24474,0.6184310515153846
24475,0.042973070111959236
24476,0.03439642755213262
24477,0.04080417028262408
24478,0.7169938727691214
24479,0.059413101146468854
24480,0.8324881062782374
24481,0.6689874189917798
24482,0.04517710887535825
24483,0.906641854057384
24484,0.03844495405904823
24485,0.826587162935767
24486,0.9145394667612132
24487,0.47454186020408134
24488,0.045580250017853007
24489,0.30132391840302164
24490,0.052798057336607224
24491,0.25661248017014515
24492,0.7410500671704698
24493,0.5003367985007724
24494,0.034149654742066514
24495,0.6095856054769484
24496,0.03359612485973224
24497,0.30610414745578746
24498,0.8269169321042577
24499,0.4784276188005942
24500,0.6778435232164413
24501,0.16302983753413242
24502,0.15803995161393247
24503,0.4234127269895429
24504,0.36243129542187
24505,0.8760218489331448
24506,0.9063563583762885
24507,0.18209321697125946
24508,0.034118103603675586
24509,0.041350313657856755
24510,0.06825709697560405
24511,0.7558046828520567
24512,0.03127243086449371
24513,0.6363572264055857
24514,0.25604876159054574
24515,0.510587474382504
24516,0.05974105214546672
24517,0.38455198885234454
24518,0.08708825134079867
24519,0.6223444238220951
24520,0.6379713186960647
24521,0.8035253719065161
24522,0.8872402791550311
24523,0.05196636479107031
24524,0.2870363862953362
24525,0.03123964816272437
24526,0.035256115335264585
24527,0.9120454650879456
24528,0.04857945919115085
24529,0.04071287513778546
24530,0.5352291581750277
24531,0.48772984509227146
24532,0.9020612347266905
24533,0.033630157092195474
24534,0.6789189340551267
24535,0.5564548433098322
24536,0.06660797525695646
24537,0.03656880439801496
24538,0.032508032621949665
24539,0.5881156474640092
24540,0.035115362865579425
24541,0.8117463809480129
24542,0.03685160376607898
24543,0.036299347507295805
24544,0.6835813248103333
24545,0.1826576158553681
24546,0.0319212122091412
24547,0.06169689018611085
24548,0.5084611429315966
24549,0.15480916858296262
24550,0.4652908680470129
24551,0.03915615499557685
24552,0.2509635535391548
24553,0.037298081718167106
24554,0.7229404165710833
24555,0.1841169228551617
24556,0.04774118345620962
24557,0.05620551365424604
24558,0.2817078937054651
24559,0.810326921434756
24560,0.039671466492805896
24561,0.7833790744801461
24562,0.31058283882182786
24563,0.04126100311001868
24564,0.05518724070448429
24565,0.9039077781938022
24566,0.34154806884340166
24567,0.2176481672956341
24568,0.42899268686995995
24569,0.033589935153326485
24570,0.03149609409707378
24571,0.8178736373432296
24572,0.4290945082041092
24573,0.19469982486017554
24574,0.6064756335889442
24575,0.8031620662519676
24576,0.6060349242279903
24577,0.885441685498426
24578,0.039181030631774805
24579,0.03759085612520623
24580,0.45733745147942856
24581,0.03214304090365403
24582,0.05118745060497189
24583,0.8732901203057081
24584,0.7817007528140364
24585,0.8360036030154354
24586,0.5423425009385601
24587,0.2114486296513532
24588,0.6355492540959675
24589,0.8603536680387567
24590,0.20569255119859772
24591,0.3830095473772767
24592,0.8742536097628855
24593,0.32000496539167506
24594,0.034739782766997976
24595,0.08239681447575632
24596,0.20419376467049277
24597,0.038208574975058515
24598,0.6941456644651707
24599,0.03497439826909024
24600,0.05891159417789267
24601,0.8462146867072635
24602,0.5823052926986323
24603,0.616679742013257
24604,0.20564930707073903
24605,0.03504990645108513
24606,0.3300636020298725
24607,0.03868425663409431
24608,0.29255290987062543
24609,0.6281374573839461
24610,0.7649910861021655
24611,0.037943692931599785
24612,0.04870410813390765
24613,0.034200908877662806
24614,0.7738841656378944
24615,0.46692401419841023
24616,0.26894853072829533
24617,0.03947998739867761
24618,0.5369770182943541
24619,0.034643329568149056
24620,0.04119904595768819
24621,0.03264698508218611
24622,0.2983465690985164
24623,0.7647763858335535
24624,0.03628509430899174
24625,0.8086254537406308
24626,0.031830276635564134
24627,0.10059592086919483
24628,0.401445968319157
24629,0.03612687991128067
24630,0.03316372724525625
24631,0.9028229860962617
24632,0.03843347774904769
24633,0.038429564718190846
24634,0.5710204024524517
24635,0.03503954471871006
24636,0.84452279342995
24637,0.6576691065142893
24638,0.6978317588601258
24639,0.744300869611315
24640,0.2693638802180776
24641,0.7403632793492017
24642,0.032645791441844686
24643,0.16113369635432861
24644,0.7943842727841186
24645,0.6116127050738263
24646,0.8865620627614748
24647,0.0316544707976372
24648,0.08560495717130662
24649,0.6840999422783435
24650,0.13741650382712986
24651,0.1884069403080476
24652,0.6865080370799986
24653,0.8567541159145824
24654,0.033252397708964314
24655,0.037514710862093
24656,0.3055112851006333
24657,0.41885990056962363
24658,0.12808082700224896
24659,0.6838633664614882
24660,0.6857112172516219
24661,0.08876455907240582
24662,0.03153753367047743
24663,0.036664938659050454
24664,0.249470063990481
24665,0.050280813621611554
24666,0.045769793010867164
24667,0.49165642279413213
24668,0.4672703032616168
24669,0.2233401916540432
24670,0.8631225754052774
24671,0.04222232633933112
24672,0.41288012566924953
24673,0.038002377260299
24674,0.03849720412929993
24675,0.039389757757499214
24676,0.4324231665174998
24677,0.031497306812101465
24678,0.8858869927036775
24679,0.053505959175569134
24680,0.041904255259010335
24681,0.04135334538852208
24682,0.7103765628616298
24683,0.1940475051153313
24684,0.04123784962899633
24685,0.039917546243371335
24686,0.7312470130936082
24687,0.049645829075894155
24688,0.4018652330238811
24689,0.8538767750894675
24690,0.1402321005526257
24691,0.062182664383061935
24692,0.11484935786496334
24693,0.8264427758034929
24694,0.8266051829505671
24695,0.03444136106729493
24696,0.834117116625328
24697,0.8284239287890456
24698,0.8103476775506684
24699,0.07613418394838752
24700,0.46109695529768513
24701,0.6899188670017001
24702,0.03449968112760697
24703,0.03269924561395177
24704,0.5193945299168001
24705,0.8702306468527625
24706,0.040256446272923824
24707,0.12637101874806528
24708,0.4070978354581909
24709,0.03719198882588496
24710,0.07321478940445683
24711,0.037673515028531016
24712,0.04055672682087577
24713,0.29423963755566473
24714,0.3964009772710564
24715,0.21513403318501506
24716,0.044597454857229664
24717,0.5504855697341515
24718,0.8982291460124329
24719,0.23820909953060473
24720,0.039619439539234635
24721,0.8031061217176338
24722,0.032402410744959725
24723,0.5269040429103585
24724,0.5531286830489035
24725,0.0630797999063593
24726,0.5577528947028089
24727,0.043594021430985674
24728,0.034314550955747876
24729,0.2640241190744267
24730,0.411000252278925
24731,0.8331578955508052
24732,0.041260727929447745
24733,0.5618716395205183
24734,0.5909125923013462
24735,0.0331790871761798
24736,0.3958494117173932
24737,0.7649198005142561
24738,0.03793359659795774
24739,0.08583798117643902
24740,0.5906950190539282
24741,0.5166115094271797
24742,0.6156673252388958
24743,0.04250524661863206
24744,0.5447529911227528
24745,0.720682257359582
24746,0.6029314947869904
24747,0.8911459666105488
24748,0.5324994567071182
24749,0.8468538358317631
24750,0.6261081851849892
24751,0.7083948444263803
24752,0.14467069572052818
24753,0.03395273296677339
24754,0.20945732659755067
24755,0.41988172425764636
24756,0.057050647929666035
24757,0.9057795029102429
24758,0.8690354487108651
24759,0.40705280066228244
24760,0.1697752301042703
24761,0.8761178535548666
24762,0.6374767284203838
24763,0.045394252466859006
24764,0.8464495313462079
24765,0.22158907707277303
24766,0.7091274590947272
24767,0.8293514504486975
24768,0.21873433083476918
24769,0.4370858076775682
24770,0.7830999193737067
24771,0.5406987194993439
24772,0.06775956487438503
24773,0.17125294767550991
24774,0.7576970355158015
24775,0.37729687597497874
24776,0.034468571238530414
24777,0.7725271232126575
24778,0.03293785455440698
24779,0.0377103085645918
24780,0.7700899244552398
24781,0.048689818002902424
24782,0.03710012272154329
24783,0.7717419516492978
24784,0.14388367394997936
24785,0.6267383350372477
24786,0.03240609656681055
24787,0.8133150055873943
24788,0.8684918850775534
24789,0.05608165245875233
24790,0.04003155179485118
24791,0.8483893827840544
24792,0.8961855106187199
24793,0.03897356691336827
24794,0.20257316314683574
24795,0.035367481959239215
24796,0.044112873760344645
24797,0.911230013233119
24798,0.2708557337007442
24799,0.03296567851446437
24800,0.8892524958729681
24801,0.651905686187801
24802,0.8549073680279138
24803,0.036674797953973715
24804,0.6213139553544711
24805,0.38826017461524964
24806,0.7019577901440683
24807,0.04117138841831368
24808,0.38176781694774875
24809,0.032732406358712
24810,0.3128627872306547
24811,0.03255436065741072
24812,0.31543854767838786
24813,0.033705245686267295
24814,0.034510495607162996
24815,0.03644025637678118
24816,0.7115437290832042
24817,0.8435556107796741
24818,0.581909302600174
24819,0.7543583157484672
24820,0.3758539513646535
24821,0.6288039196372115
24822,0.0440296470824476
24823,0.031850009115215155
24824,0.14124059172574255
24825,0.4017105310573724
24826,0.04182127831058581
24827,0.06113771048166912
24828,0.03269515347433513
24829,0.9231626576996974
24830,0.5910166999173178
24831,0.04255764877675235
24832,0.1762393413954088
24833,0.4361288301054689
24834,0.03253569358871651
24835,0.6340193388143063
24836,0.03845994603460062
24837,0.7709533970786735
24838,0.03856413228930856
24839,0.2246153911251137
24840,0.040041782674993115
24841,0.6511999060422854
24842,0.7400386333938465
24843,0.5226410771068367
24844,0.045925562719943754
24845,0.5308450301138018
24846,0.055343356842355654
24847,0.8756503313611631
24848,0.41750478123985835
24849,0.4709112631918209
24850,0.03478938136960006
24851,0.7089883374923218
24852,0.05560920194187699
24853,0.6968288113866377
24854,0.7427227978536944
24855,0.32086447708456145
24856,0.03340288051516606
24857,0.11115101537991814
24858,0.03429769298737381
24859,0.6724493698398369
24860,0.042697254374664595
24861,0.19466397665957208
24862,0.04234893176401515
24863,0.7257366133099885
24864,0.7406261890009164
24865,0.6372466767260795
24866,0.897888886882707
24867,0.03451773656923512
24868,0.24097852217712454
24869,0.8956914732686845
24870,0.044064640844886135
24871,0.05139523503128543
24872,0.31288546936014205
24873,0.5133993808837747
24874,0.03325979669388513
24875,0.037059262138601015
24876,0.7698054764268364
24877,0.03204917398137249
24878,0.8914329083479426
24879,0.03576918645863769
24880,0.6451781141515518
24881,0.8236175998620547
24882,0.5650279113741891
24883,0.7976451386482282
24884,0.03137883750493866
24885,0.4908446344996825
24886,0.8600093744404576
24887,0.036491538228340295
24888,0.300483865745243
24889,0.19978995296675814
24890,0.9165587050209826
24891,0.4470626353959686
24892,0.033754559394306945
24893,0.053432401705601144
24894,0.12033258050737544
24895,0.8919592629474521
24896,0.5313846433395745
24897,0.7054511189911814
24898,0.1523459947684651
24899,0.7971331257248345
24900,0.05153599200599546
24901,0.03181663435240623
24902,0.03960222425056773
24903,0.03471335299382818
24904,0.03302253998070863
24905,0.03285052212105222
24906,0.05701507085596893
24907,0.15266942280355456
24908,0.9010992169319215
24909,0.03249334269182686
24910,0.2370627807979795
24911,0.6522697088609866
24912,0.05921614254431651
24913,0.8309189422496801
24914,0.6961968552211989
24915,0.6078848776982858
24916,0.049082610303293736
24917,0.8267606721250069
24918,0.031667420754692664
24919,0.6309113469143786
24920,0.08765514337825145
24921,0.8839396687936818
24922,0.7047021471552046
24923,0.8272504336588729
24924,0.7217297986906912
24925,0.03172578156697072
24926,0.7996280487075007
24927,0.44360210331747996
24928,0.6395061070515509
24929,0.8654741749710795
24930,0.13856529821808541
24931,0.18489607141396447
24932,0.17197483156242804
24933,0.8254160270460242
24934,0.6372067414989211
24935,0.7495858911891318
24936,0.033853834809488864
24937,0.061915527120067315
24938,0.6788299836171007
24939,0.0362404484486389
24940,0.471201582660826
24941,0.11015186084691797
24942,0.1682499038913926
24943,0.038857638799349316
24944,0.03534947587324612
24945,0.47603492930115365
24946,0.6287714129296683
24947,0.048912271660655135
24948,0.035243184161045514
24949,0.03222509669473763
24950,0.0355867102562762
24951,0.20349393411734423
24952,0.8903511992347308
24953,0.037541426064812734
24954,0.7764386863189303
24955,0.7759928969091037
24956,0.73208715770703
24957,0.04316163900127347
24958,0.07397328521911134
24959,0.03971604642142983
24960,0.6575881866713771
24961,0.10587159604476504
24962,0.4554961863185108
24963,0.03296346905717585
24964,0.06625021131101608
24965,0.7503130378570604
24966,0.864600486465291
24967,0.841050338683969
24968,0.20002639374918224
24969,0.1976048042520756
24970,0.03709008990620567
24971,0.8877634075677732
24972,0.7595543903504125
24973,0.9037745959992072
24974,0.04537735697619751
24975,0.7552446198290735
24976,0.034560847422359924
24977,0.5361681766854738
24978,0.8595223081269407
24979,0.04880786714665902
24980,0.8667302182160466
24981,0.04000876544443103
24982,0.21951124212300877
24983,0.03515896310526086
24984,0.23890246724815623
24985,0.04918720713334742
24986,0.040021505718204314
24987,0.046313593188392205
24988,0.08257714771400147
24989,0.03126400804714418
24990,0.8812746631694799
24991,0.7409393823306972
24992,0.7668159630945877
24993,0.12483908830667748
24994,0.8401878281248082
24995,0.8921410149488191
24996,0.065956974219349
24997,0.04655047624107632
24998,0.08352076658643715
24999,0.1319439938223195
